 Pferd  und  Reiter  Springen  �ber  ein  Hindernis   | 1888 | Hannover,  Lower  Saxony,  Germany | 52.3744779 | 9.7385532 
 Roundhay  Garden  Scene   | 1888 | England,  UK | 52.5310214 | -1.2649062 
 Roundhay  Garden  Scene   | 1888 | Leeds,  West  Yorkshire,  England,  UK | 53.7974185 | -1.5437941 
 Roundhay  Garden  Scene   | 1888 | Roundhay,  Leeds,  West  Yorkshire,  England,  UK | 53.8402002 | -1.5100195 
 Traffic  Crossing  Leeds  Bridge   | 1888 | Leeds,  West  Yorkshire,  England,  UK | 53.7974185 | -1.5437941 
 London's  Trafalgar  Square   | 1890 | Trafalgar  Square,  St  James's,  London,  England,  UK | 51.508037 | -0.12804941070724718 
 Je  vous  aime   | 1891 | Bois  de  Boulogne,  Paris  16,  Paris,  France | 48.86409285 | 2.248257867854371 
 Annabelle  Butterfly  Dance   | 1894 | West  Orange,  New  Jersey,  USA | 40.7987113 | -74.2390353 
 Falling  Cat   | 1894 | Bois  de  Boulogne,  Paris  16,  Paris,  France | 48.86409285 | 2.248257867854371 
 A  Morning  Alarm   | 1896 | Newark,  New  Jersey,  USA | 40.735657 | -74.1723667 
 A  Sea  Cave  Near  Lisbon   | 1896 | Cascais,  Lisbon,  Portugal | 38.72240025 | -9.396909171649877 
 A  Watermelon  Feast   | 1896 | 841  Broadway,  Manhattan,  New  York  City,  New  York,  USA | 40.734204 | -73.9911071 
 Alumnos  de  Chapultepec  desfilando   | 1896 | Mexico | 22.5000485 | -100.0000375 
 Am  Brandenburger  Tor  zu  Berlin   | 1896 | Brandenburger  Tor,  Mitte,  Berlin,  Germany | 52.51628045 | 13.377701882994323 
 American  Falls  from  Bottom  of  Canadian  Shore   | 1896 | Niagara  Falls,  Ontario,  Canada | 43.1065603 | -79.0639039 
 American  Falls  from  Bridge,  Niagara  Falls   | 1896 | Niagara  Falls,  New  York,  USA | 43.08436 | -79.0614686 
 American  Falls,  Luna  Island   | 1896 | Niagara  Falls,  New  York,  USA | 43.08436 | -79.0614686 
 An  Arrest  at  New  Haven,  Conn.   | 1896 | New  Haven,  Connecticut,  USA | 41.298434349999994 | -72.93102342707913 
 Arriv�e  d'un  train   | 1896 | Paris,  France | 48.8566969 | 2.3514616 
 Arriv�e  d'un  train  �  Huy   | 1897 | Huy,  Belgium | 50.5180856 | 5.2408138 
 Arriv�e  de  l'express   | 1896 | Cologne,  Germany | 50.938361 | 6.959974 
 Arriv�e  du  Tzar  �  Paris   | 1896 | Paris,  France | 48.8566969 | 2.3514616 
 Baignade  de  chevaux   | 1896 | Guadalajara,  Jalisco,  Mexico | 20.6720375 | -103.3383962 
 10  Mai  1897:  Defilarea   | 1897 | Romania | 45.9852129 | 24.6859225 
 24�me  chasseurs  alpins:  le�on  de  boxe   | 1897 | Villefranche-sur-Mer,  Alpes-Maritimes,  France | 43.7042317 | 7.309969 
 A  Busy  Corner   | 1897 | Philadelphia,  Pennsylvania,  USA | 39.9527237 | -75.1635262 
 A  Children's  Carnival  in  Germany   | 1897 | Berlin,  Germany | 52.5170365 | 13.3888599 
 A  Fishing  Schooner   | 1897 | Boston,  Massachusetts,  USA | 42.3602534 | -71.0582912 
 A  Maxim  Gun  in  Action   | 1897 | Aldershot,  Hampshire,  England,  UK | 51.2494169 | -0.7630148 
 A  Newsboys'  Scrap   | 1897 | Hartford,  Connecticut,  USA | 41.7655582 | -72.69061276146614 
 A  Panoramic  View  in  the  Grand  Canal   | 1897 | Venice,  Veneto,  Italy | 45.4371908 | 12.3345898 
 A  Part  of  Inaugural  Parade,  Washington   | 1897 | Washington,  District  of  Columbia,  USA | 38.8950368 | -77.0365427 
 'Leapfrog'  on  the  Beach   | 1898 | Far  Rockaway,  Queens,  New  York  City,  New  York,  USA | 40.6053825 | -73.7551326 
 'Vizcaya'  Under  Full  Headway   | 1898 | New  York  City,  New  York,  USA | 40.7127281 | -74.0060152 
 'Way  Down  South   | 1898 | New  Orleans,  Louisiana,  USA | 29.9499323 | -90.0701156 
 101st  Regiment,  French  Infantry   | 1898 | Paris,  France | 48.8566969 | 2.3514616 
 10th  U.S.  Infantry  Disembarking  from  Cars   | 1898 | Tampa,  Florida,  USA | 27.9477595 | -82.458444 
 14th  U.S.  Infantry  Drilling  at  the  Presidio   | 1898 | San  Francisco,  California,  USA | 37.7790262 | -122.4199061 
 1898.  Los  �ltimos  de  Filipinas   | 2016 | (Village  and  Church) | 33.216644 | -97.14416547387322 
 1898.  Los  �ltimos  de  Filipinas   | 2016 | (Jungle) | 27.7886375 | -82.7523234 
 1898:  The  W.F.  Norman  Story   | 2011 | Missouri,  USA | 38.7604815 | -92.5617875 
 A  Comic  Ricksha  Race   | 1898 | Johannesburg,  South  Africa | -26.205 | 28.049722 
 A  Terrible  Spill   | 1898 | Aldershot,  Hampshire,  England,  UK | 51.2494169 | -0.7630148 
 A  Texas  Steer   | 1898 | Chicago,  Illinois,  USA | 41.8755616 | -87.6244212 
 Adderley  Street,  Cape  Town   | 1898 | Cape  Town,  Western  Cape,  South  Africa | -33.928992 | 18.417396 
 Alahazrat  buxara  amirinin  'veliki  knyaz  Aleksey'  paroxodunda  yolasalma  marasimi   | 1898 | Baku,  Azerbaijan | 40.3754434 | 49.8326748 
 Alarm  bei  der  Berufsfeuerwehr  in  Chemnitz  am  19.8.1898   | 1898 | Chemnitz,  Saxony,  Germany | 50.8322608 | 12.9252977 
 Am  Leipziger  Turm  in  Halle  a/S.   | 1898 | Leipziger  Turm,  Halle,  Saxony-Anhalt,  Germany | 51.4802277 | 11.976407 
 Argyle  Street   | 1898 | Glasgow,  Strathclyde,  Scotland,  UK | 55.8317061 | -4.0333295 
 'Graf  Waldersee'   | 1899 | New  York  City,  New  York,  USA | 40.7127281 | -74.0060152 
 'Imperial  Limited.'  Canadian  Pacific  R.R.   | 1899 | Vancouver,  British  Columbia,  Canada | 49.2608724 | -123.1139529 
 'Sagasta',  Admiral  Dewey's  Pet  Pig   | 1899 | Nice,  Alpes-Maritimes,  France | 43.7009358 | 7.2683912 
 43rd  Rifles;  Royal  Canadian  Infantry   | 1899 | Ottawa,  Ontario,  Canada | 45.421106 | -75.690308 
 A  Basuto  Indaba   | 1899 | South  Africa | -28.8166236 | 24.991639 
 A  Brighton  Fire  Drill   | 1899 | Brighton,  East  Sussex,  England,  UK | 50.836257950000004 | -0.29412398246015004 
 A  Dip  in  the  Mediterranean   | 1899 | Villefranche-sur-Mer,  Alpes-Maritimes,  France | 43.7042317 | 7.309969 
 A  Zulu  War  Dance   | 1899 | Southend-on-Sea,  Essex,  England,  UK | 51.57036905 | 0.708620337888284 
 'Courier'   | 1900 | Boston,  Massachusetts,  USA | 42.3602534 | -71.0582912 
 16th  Field  Battery,  Bombay,  in  Action   | 1900 | Mumbai,  Maharashtra,  India | 19.0759899 | 72.8773928 
 20,000  Employees  Entering  Lord  Armstrong's  Elswick  Works,  Newcastle-upon-Tyne   | 1900 | Newcastle-upon-Tyne,  Tyne  &  Wear,  England,  UK | 54.9738474 | -1.6131572 
 25th  Infantry   | 1900 | Philippines | 12.7503486 | 122.7312101 
 A  Barber's  Shop  in  Pekin   | 1900 | Beijing,  China | 39.9065084 | 116.3912391 
 A  Bit  of  Natal  Scenery   | 1900 | KwaZulu-Natal,  South  Africa | -28.503833 | 30.8875009 
 A  Cadet  Cavalry  Charge   | 1900 | Detroit,  Michigan,  USA | 42.3315509 | -83.0466403 
 American  Falls  from  Top  of  Canadian  Shore   | 1901 | Ontario,  Canada | 50.000678 | -86.000977 
 An  Oriental  Highway   | 1901 | Tianjin,  China | 39.0856735 | 117.1951073 
 Anglo-Abyssinian  Expedition  in  Somaliland   | 1901 | Somalia | 8.3676771 | 49.083416 
 Armed  Guard  of  British  Soldiers  Conducting  Boer  Prisoners   | 1901 | South  Africa | -28.8166236 | 24.991639 
 100  Yards  Flat  Race   | 1902 | Stamford  Bridge  Stadium,  Hammersmith,  London,  England,  UK | 51.4809373 | -0.1883384568023263 
 A  Blast  in  a  Gravel  Bed   | 1902 | Berlin,  Germany | 52.5170365 | 13.3888599 
 A  Cable  Road  in  San  Francisco,  Cal.   | 1902 | San  Francisco,  California,  USA | 37.7790262 | -122.4199061 
 A  Dance  by  Kanaka  Indians   | 1902 | Paris,  France | 48.8566969 | 2.3514616 
 A  Devastated  City   | 1902 | Paterson,  New  Jersey,  USA | 40.9167654 | -74.171811 
 A  Flying  Wedge   | 1902 | Kiel,  Schleswig-Holstein,  Germany | 54.3227085 | 10.135555 
 A  Hurdle  Race   | 1902 | Dresden,  Saxony,  Germany | 51.0493286 | 13.7381437 
 A  Rescue  at  Sea   | 1902 | Kiel,  Schleswig-Holstein,  Germany | 54.3227085 | 10.135555 
 Ancient  Egyptian  Water  Wheel   | 1902 | Egypt | 26.2540493 | 29.2675469 
 Arabian  Bullock  Well  at  Carthage   | 1902 | Algiers,  Algeria | 28.0000272 | 2.9999825 
 Argentine  Fox  Hunt   | 1902 | Argentina | -34.9964963 | -64.9672817 
 Arrival  of  Tourists  at  Base  of  Great  Pyramid   | 1902 | Giza,  Egypt | 29.9870753 | 31.2118063 
 $25,000  Clean  Up  on  No.  16,  Eldorado   | 1903 | Bonanza  Creek,  Alaska,  USA | 65.216611 | -142.6431477 
 'Old  Faithful,'  Yosemite  Valley   | 1903 | Yellowstone  National  Park,  Wyoming,  USA | 44.6200885 | -110.56075745943113 
 A  Daring  Daylight  Burglary   | 1903 | Sheffield,  South  Yorkshire,  England,  UK | 53.3806626 | -1.4702278 
 A  Devonshire  Fair   | 1903 | Devon,  England,  UK | 50.724165 | -3.660795843955193 
 A  Funny  Story  on  the  Beach   | 1903 | Coney  Island,  Brooklyn,  New  York  City,  New  York,  USA | 40.57592745 | -73.99219592886062 
 A  Hot  Time  on  the  Bathing  Beach   | 1903 | Chicago,  Illinois,  USA | 41.8755616 | -87.6244212 
 A  Jewish  Dance  at  Jerusalem   | 1903 | Jerusalem,  Israel | 31.79592425 | 35.21198075969497 
 A  Kennel  Club  Parade   | 1903 | London,  England,  UK | 51.5073219 | -0.1276474 
 A  Norwegian  Waterfall   | 1903 | Voss,  Hordaland,  Norway | 60.627632250000005 | 6.402964745393655 
 A  Threshing  Outfit  at  Work  in  Manitoba   | 1903 | Manitoba,  Canada | 55.001251 | -97.001038 
 A  Tobacco  Farm  at  Crapits   | 1903 | Bulgaria | 42.6073975 | 25.4856617 
 4th  Japanese  Light  Infantry  Cavalry   | 1904 | Japan | 36.5748441 | 139.2394179 
 A  Brush  Between  Cowboys  and  Indians   | 1904 | Bliss,  Oklahoma,  USA | 36.5475404 | -97.1444869 
 A  Muddy  Street,  Tien-Tsin,  China   | 1904 | Tientsin,  China | 39.0856735 | 117.1951073 
 After  the  Siege  Tien-Tsin,  Native  City,  China   | 1904 | Tientsin,  China | 39.0856735 | 117.1951073 
 Along  the  Waterfront  of  Stevenston   | 1904 | Stevenston,  North  Ayrshire,  Scotland,  UK | 55.6405878 | -4.756814 
 An  Insurgent  Band  in  Cover   | 1904 | Macedonia | 41.6171214 | 21.7168387 
 Approaching  Pallisier   | 1904 | Canada | 61.0666922 | -107.991707 
 Arrival  at  Singapore   | 1904 | Singapore | 1.357107 | 103.8194992 
 Arrival  at  Southampton  of  Joseph  Chamberlain  MP   | 1903 | Southampton,  Hampshire,  England,  UK | 50.90472085 | -1.3587998082396187 
 Arrival  at  Tokio  Station  of  Japanese  Soldiers   | 1904 | Tokyo,  Japan | 35.6828387 | 139.7594549 
 Arrival  of  General  Kuropatkin  at  Irkutsk   | 1904 | Irkutsk,  Russia | 52.289597 | 104.280586 
 10  vistas  de  los  lugares  m�s  po�ticos  y  concurridos  de  Orizaba   | 1905 | Orizaba,  Veracruz,  Mexico | 18.849722 | -97.103611 
 A  Kentucky  Feud   | 1905 | Sound  Beach,  Connecticut,  USA | 41.0302519 | -73.5671816 
 A  Trip  to  Salt  Lake  City   | 1905 | Salt  Lake  City,  Utah,  USA | 40.7596198 | -111.8867975 
 Arrival  of  Train  at  Oberammergau   | 1905 | Oberammergau,  Bavaria,  Germany | 47.5966949 | 11.0673611 
 Ascot  Sunday  at  Boulter's  Lock   | 1905 | Maidenhead,  Berkshire,  England,  UK | 51.40801045 | -1.2830416451909068 
 Automobile  Races  at  Ormond,  Fla.   | 1905 | Ormond,  Florida,  USA | 29.2854132 | -81.0557921 
 Avontuur  op  het  strand  van  Oostende   | 1905 | Ostend,  Flanders,  Belgium | 51.2258565 | 2.919496 
 A  Daring  Southern  California  Hold  Up   | 1906 | Alhambra,  California,  USA | 34.093042 | -118.12706 
 A  Friend  in  Need  Is  a  Friend  Indeed   | 1906 | New  York  City,  New  York,  USA | 40.7127281 | -74.0060152 
 A  Trip  Down  Market  Street  Before  the  Fire   | 1906 | Market  Street,  San  Francisco,  California,  USA | 37.7804814 | -122.4126354 
 Aberdeen  University  Quarter  Centenary  Celebrations   | 1906 | Aberdeen  City,  Scotland,  UK | 57.1482429 | -2.0928095 
 Arrival  Ar  Darlington   | 1906 | Darlington,  County  Durham,  England,  UK | 54.5242081 | -1.5555812 
 Arrival  of  the  Prince  of  Wales  at  Calcutta   | 1906 | Kolkata,  West  Bengal,  India | 22.5414185 | 88.35769124388872 
 Branden  i  Frihavnen   | 1906 | Frihavnen,  Copenhagen,  Denmark | 55.7068296 | 12.5857491 
 Cursele  de  automobile  Bucuresti-Giurgiu   | 1906 | Bucharest,  Romania | 44.4361414 | 26.1027202 
 Cursele  de  automobile  Bucuresti-Giurgiu   | 1906 | Giurgiu,  Romania | 43.8959058 | 25.9658111 
 Dr.  Dippy's  Sanitarium   | 1906 | Sound  Beach,  Connecticut,  USA | 41.0302519 | -73.5671816 
 14  vistas  tomadas  en  la  via  del  ferrocarril  de  Tehuantepec   | 1907 | Tehuantepec,  Oaxaca,  Mexico | 16.2161458 | -95.1972137 
 20000  lieues  sous  les  mers   | 1907 | (studio) | 52.2326368 | 21.0067376 
 A  Batalha  das  Flores  no  Campo  Grande   | 1907 | Campo  Grande,  Lisbon,  Portugal | 38.7535539 | -9.156403489276517 
 A  Race  for  Millions   | 1907 | New  York  City,  New  York,  USA | 40.7127281 | -74.0060152 
 An  Awful  Skate;  or,  The  Hobo  on  Rollers   | 1907 | Chicago,  Illinois,  USA | 41.8755616 | -87.6244212 
 Approach  to  Brooklands  by  Motor   | 1907 | Weybridge,  Surrey,  England,  UK | 51.3727175 | -0.4549297 
 Ascot  Sunday  at  Boulter's  Lock   | 1907 | Maidenhead,  Berkshire,  England,  UK | 51.40801045 | -1.2830416451909068 
 Ben  Hur   | 1907 | Sheepshead  Bay,  Brooklyn,  New  York  City,  New  York,  USA | 40.5912161 | -73.9445822 
 A  Smoked  Husband   | 1908 | West  12th  Street,  Manhattan,  New  York  City,  New  York,  USA | 40.7359773 | -73.9976754 
 A  Visit  to  Aldershot   | 1908 | Aldershot,  Hampshire,  England,  UK | 51.2494169 | -0.7630148 
 A  Woman's  Way   | 1908 | Coytesville,  New  Jersey,  USA | 40.8642665 | -73.9620823 
 A  Woman's  Way   | 1908 | Little  Falls,  New  Jersey,  USA | 40.8689882 | -74.2082011 
 Accidente  en  el  kilometro  253  del  ferrocarril  Mexico-Veracruz   | 1908 | Mexico | 22.5000485 | -100.0000375 
 After  Many  Years   | 1908 | Sea  Bright,  New  Jersey,  USA | 40.3615488 | -73.9742051 
 Ana�c  ou  Le  balafr�   | 1908 | (studio) | 52.2326368 | 21.0067376 
 Antos  pierwszy  raz  w  Warszawie   | 1908 | Warsaw,  Mazowieckie,  Poland | 52.2319581 | 21.0067249 
 Au  Maroc:  Tanger   | 1908 | Tangier,  Morocco | 35.777103 | -5.803792 
 Bear  Pits  of  Berne   | 1908 | Berne,  Switzerland | 46.9482713 | 7.4514512 
 Beneficio  de  Gaona   | 1908 | Mexico | 22.5000485 | -100.0000375 
 'L'Ibis',  �cole  de  p�che  en  Belgique   | 1909 | Belgium | 50.6402809 | 4.6667145 
 A  Baby's  Shoe   | 1909 | Central  Park,  Manhattan,  New  York  City,  New  York,  USA | 40.7827725 | -73.9653627406542 
 A  Birthday  Affair   | 1909 | Chicago,  Illinois,  USA | 41.8755616 | -87.6244212 
 A  Change  of  Heart   | 1909 | Greenwich,  Connecticut,  USA | 41.0264862 | -73.6284598 
 A  Florida  Feud:  or,  Love  in  the  Everglades   | 1909 | Jacksonville,  Florida,  USA | 30.3321838 | -81.655651 
 A  Mexican's  Gratitude   | 1909 | Golden,  Colorado,  USA | 39.755543 | -105.221099 
 A  Mexican's  Gratitude   | 1909 | Morrison,  Colorado,  USA | 39.6535988 | -105.1910996 
 A  Texas  Romance,  1909   | 1964 | Texas,  USA | 31.8160381 | -99.5120986 
 A  Trip  to  the  Wonderland  of  America   | 1909 | Yellowstone  National  Park,  Wyoming,  USA | 44.6200885 | -110.56075745943113 
 Agra,  ville  c�l�bre  du  Bengale   | 1909 | Agra,  Uttar  Pradesh,  India | 27.1752554 | 78.0098161 
 Al  Sr.  Bermudez  no  le  gustan  los  agentes   | 1909 | Mexico | 22.5000485 | -100.0000375 
 Antwerpen  en  Oostende   | 1909 | Antwerp,  Flanders,  Belgium | 51.2211097 | 4.3997081 
 Antwerpen  en  Oostende   | 1909 | Ostend,  Flanders,  Belgium | 51.2258565 | 2.919496 
 A  Central  American  Romance   | 1910 | Cuba | 23.0131338 | -80.8328748 
 A  Child's  Stratagem   | 1910 | Westfield,  New  Jersey,  USA | 40.6589912 | -74.3473717 
 A  Cowboy's  Vindication   | 1910 | Colorado,  USA | 38.7251776 | -105.607716 
 A  Day  in  the  Life  of  a  Coal  Miner   | 1910 | Wigan,  Lancashire,  England,  UK | 53.6087198 | -2.6318387 
 A  Lad  from  Old  Ireland   | 1910 | Beaufort,  County  Kerry,  Ireland | 52.07139385 | -9.637660239489584 
 A  Lad  from  Old  Ireland   | 1910 | County  Kerry,  Ireland | 52.14533445 | -9.517401092833236 
 A  Lad  from  Old  Ireland   | 1910 | New  York,  USA | 40.7127281 | -74.0060152 
 A  Mountain  Wife   | 1910 | San  Antonio,  Texas,  USA | 29.4246002 | -98.4951405 
 A  Trip  Over  the  Rocky  and  Selkirk  Mountains  in  Canada   | 1910 | Rocky  Mountains,  Alberta,  Canada | 50.4994522 | -114.7336579 
 A  Trip  in  the  Isle  of  Marken   | 1910 | Marken,  Noord-Holland,  Netherlands | 52.4578746 | 5.1068263 
 A  Vacation  in  Havana   | 1910 | Havana,  Cuba | 23.135305 | -82.3589631 
 $200.00   | 1911 | Santa  Paula,  California,  USA | 34.3541659 | -119.0592705 
 A  Cattle  Rustler's  Father   | 1911 | Lake  Tahoe,  California,  USA | 39.08854049999999 | -120.05035277301698 
 A  Cattle  Rustler's  Father   | 1911 | San  Rafael,  California,  USA | 37.9735346 | -122.5310874 
 A  Chance  Shot   | 1911 | Santa  Monica,  California,  USA | 34.0194704 | -118.4912273 
 A  Country  Cupid   | 1911 | Westfield,  New  Jersey,  USA | 40.6589912 | -74.3473717 
 A  Hot  Time  in  Atlantic  City   | 1911 | Atlantic  City,  New  Jersey,  USA | 39.3642852 | -74.4229351 
 A  Newsboy's  Luck   | 1911 | Philadelphia,  Pennsylvania,  USA | 39.9527237 | -75.1635262 
 A  Prisoner  of  Mexico   | 1911 | Glendale,  California,  USA | 34.1469416 | -118.2478471 
 A  Visit  to  the  Dome  of  the  Milan  Cathedral   | 1911 | Milan,  Italy | 45.4668 | 9.1905 
 A  Western  Girl   | 1911 | Santa  Paula,  California,  USA | 34.3541659 | -119.0592705 
 A  Western  Girl's  Sacrifice   | 1911 | San  Rafael,  California,  USA | 37.9735346 | -122.5310874 
 Alte  valli  dell'Umbria   | 1911 | Umbria,  Italy | 42.965916 | 12.490236 
 'Fighting'  Dan  McCool   | 1912 | Jacksonville,  Florida,  USA | 30.3321838 | -81.655651 
 A  Busy  Day  in  the  Jungle   | 1912 | Santa  Monica,  California,  USA | 34.0194704 | -118.4912273 
 A  Fifty-Mile  Auto  Contest   | 1912 | Lakeside,  California,  USA | 32.85041 | -116.89600133970856 
 A  Gay  Time  in  Jacksonville  Florida   | 1912 | Jacksonville,  Florida,  USA | 30.3321838 | -81.655651 
 A  Lodging  for  the  Night   | 1912 | California,  USA | 36.7014631 | -118.755997 
 A  Mardi  Gras  Mix-Up   | 1912 | New  Orleans,  Louisiana,  USA | 29.9499323 | -90.0701156 
 A  Mexican  Courtship   | 1912 | Juarez,  Mexico | 19.29348285 | -100.46459243844754 
 A  Midwinter  Night's  Dream   | 1912 | Palm  Beach,  Florida,  USA | 26.6279798 | -80.4494174 
 A  Midwinter  Night's  Dream   | 1912 | Philadelphia,  Pennsylvania,  USA | 39.9527237 | -75.1635262 
 A  Midwinter  Trip  to  Los  Angeles   | 1912 | Los  Angeles,  California,  USA | 34.0536909 | -118.242766 
 A  Ballad  of  the  South  Seas   | 1913 | Tahiti,  French  Polynesia | -17.68734395 | -149.44516811423745 
 A  Borrowed  Identity   | 1913 | Niles,  California,  USA | 37.5781679 | -121.9809177 
 A  Bandit   | 1913 | Los  Angeles,  California,  USA | 34.0536909 | -118.242766 
 A  Ballpoint  Story   | 2009 | Tucson,  Arizona,  USA | 32.2228765 | -110.9748477 
 A  Bamboo  Artisan  on  the  Ruby  River   | 2008 | Montana,  USA | 47.3752671 | -109.638757 
 A  Band  Apart   | 2009 | New  York  City,  New  York,  USA | 40.7127281 | -74.0060152 
 A  Band  out  of  Tune   | 2013 | Greece | 38.9953683 | 21.9877132 
 A  Buried  Treasure   | 1913 | Sydney,  New  South  Wales,  Australia | -33.8548157 | 151.2164539 
 A  Chance  Deception   | 1913 | New  York  City,  New  York,  USA | 40.7127281 | -74.0060152 
 A  Chinese  Funeral   | 1913 | Singapore | 1.357107 | 103.8194992 
 A  Coupon  Courtship   | 1913 | Santa  Monica,  California,  USA | 34.0194704 | -118.4912273 
 A  Dash  for  Liberty   | 1913 | Silver  City,  New  Mexico,  USA | 32.7725053 | -108.2793701 
 A  Faithful  Servant   | 1913 | Venice,  Veneto,  Italy | 45.4371908 | 12.3345898 
 A  Gambler's  Heart   | 1913 | Santa  Paula,  California,  USA | 34.3541659 | -119.0592705 
 A  Modern  Steel  Plant   | 1913 | Bethlehem,  Pennsylvania,  USA | 40.6178915 | -75.3786521 
 A  Plot  for  a  Million   | 1913 | Jacksonville,  Florida,  USA | 30.3321838 | -81.655651 
 8  avril  1914.  Revue  des  troupes  de  la  garnison  de  Bruxelles  par  le  g�n�ral  de  Bonhomme   | 1914 | Brussels,  Brussels-Capital,  Belgium | 50.8465573 | 4.351697 
 A  Bahamian  Pineapple  Plantation   | 1914 | Grand  Bahama  Island,  Bahamas | 26.661676200000002 | -78.26821392214438 
 A  Belle  of  Olden  Days   | 1914 | Santa  Paula,  California,  USA | 34.3541659 | -119.0592705 
 A  Celebrated  Case   | 1914 | Florida,  USA | 27.7567667 | -81.4639835 
 A  Change  of  Heart   | 1914 | Ithaca,  New  York,  USA | 42.4396039 | -76.4968019 
 A  Denver  Romance   | 1914 | Denver,  Colorado,  USA | 39.7392364 | -104.9848623 
 A  Dog  of  Flanders   | 1914 | New  Rochelle,  New  York,  USA | 40.9115386 | -73.7826363 
 A  Florida  Enchantment   | 1914 | St.  Augustine,  Florida,  USA | 29.8946952 | -81.3145395 
 A  Florida  Enchantment   | 1914 | St.  Petersburg,  Florida,  USA | 27.7703796 | -82.6695085 
 A  Gambler's  Way   | 1914 | Niles,  California,  USA | 37.5781679 | -121.9809177 
 A  Gentleman  from  Mississippi   | 1914 | Natchez,  Mississippi,  USA | 31.5604442 | -91.403171 
 'Twas  Ever  Thus   | 1915 | Chatsworth  Park,  Chatsworth,  Los  Angeles,  California,  USA | 34.2529333 | -118.5992976 
 A  Bang  Sun  Engine   | 1915 | Ithaca,  New  York,  USA | 42.4396039 | -76.4968019 
 A  Brother's  Redemption   | 1915 | Santa  Barbara,  California,  USA | 34.4221319 | -119.7026673 
 A  Bunch  of  Keys   | 1915 | Michigan,  USA | 43.6211955 | -84.6824346 
 A  Bunch  of  Matches   | 1915 | Niles,  California,  USA | 37.5781679 | -121.9809177 
 A  Hydro-Aeroplane  Flight  at  Palm  Beach   | 1915 | Palm  Beach,  Florida,  USA | 26.6279798 | -80.4494174 
 A  Rheumatic  Joint   | 1915 | Ithaca,  New  York,  USA | 42.4396039 | -76.4968019 
 A  Soldier's  Oath   | 1915 | Caldwell,  New  Jersey,  USA | 40.8398218 | -74.2765366 
 A  Submarine  Pirate   | 1915 | San  Diego,  California,  USA | 32.7174202 | -117.1627728 
 A  Trip  to  the  Argentine   | 1915 | Argentina | -34.9964963 | -64.9672817 
 A  Trip  to  the  Argentine   | 1915 | Bahia,  Brazil | -12.285251 | -41.9294776 
 A  Trip  to  the  Argentine   | 1915 | Barbados | 13.1500331 | -59.5250305 
 A  Trip  to  the  Argentine   | 1915 | Rio  de  Janeiro,  Rio  de  Janeiro,  Brazil | -22.9110137 | -43.2093727 
 20,000  Leagues  Under  the  Sea   | 1916 | New  Providence  Island,  Bahamas | 25.1943588 | -77.29532966890318 
 7,000  Policemen  Parade   | 1916 | New  York  City,  New  York,  USA | 40.7127281 | -74.0060152 
 A  Circus  Romance   | 1916 | Albany,  Georgia,  USA | 31.5782062 | -84.1556809 
 A  Daughter  of  the  Gods   | 1916 | Kingston,  Jamaica | 17.9712148 | -76.7928128 
 A  Daughter  of  the  Woods   | 1916 | Long  Beach,  California,  USA | 33.7690164 | -118.191604 
 A  Day  with  Governor  Whitman   | 1916 | Albany,  New  York,  USA | 40.7127281 | -74.0060152 
 A  Lass  of  the  Lumberlands   | 1916 | Humboldt  County,  California,  USA | 40.5997415 | -123.8997734 
 A  Lass  of  the  Lumberlands   | 1916 | Arcata,  California,  USA | 40.866517 | -124.08284 
 A  Maori  Maid's  Love   | 1916 | New  Zealand | -41.5000831 | 172.8344077 
 A  Message  to  Garcia   | 1916 | Cuba | 23.0131338 | -80.8328748 
 A  Million  for  a  Baby   | 1916 | Chicago,  Illinois,  USA | 41.8755616 | -87.6244212 
 A  Bargain  at  $37.50   | 1917 | Jacksonville,  Florida,  USA | 30.3321838 | -81.655651 
 A  Bit  of  Kindling   | 1917 | Long  Beach,  California,  USA | 33.7690164 | -118.191604 
 A  Country  Hero   | 1917 | Long  Beach,  California,  USA | 33.7690164 | -118.191604 
 A  Day  Off   | 1917 | Jacksonville,  Florida,  USA | 30.3321838 | -81.655651 
 A  Deal  in  Bonds   | 1917 | Jacksonville,  Florida,  USA | 30.3321838 | -81.655651 
 A  Love  Sublime   | 1917 | Los  Angeles,  California,  USA | 34.0536909 | -118.242766 
 A  Maid  of  Belgium   | 1917 | Long  Island  Sound,  New  York,  USA | 41.05063 | -72.96826226307427 
 A  Trip  Through  China   | 1917 | Beijing,  China | 39.9065084 | 116.3912391 
 A  Trip  Through  China   | 1917 | Hong  Kong,  China | 22.2793278 | 114.1628131 
 Aida   | 1917 | Mexico | 22.5000485 | -100.0000375 
 'Blue  Blazes'  Rawden   | 1918 | Felton,  California,  USA | 37.041583599999996 | -122.0769929309627 
 'Tis  Tough  to  Be  Tender   | 1918 | Yosemite  National  Park,  California,  USA | 37.84054795 | -119.51658779802511 
 A  Black  Sherlock  Holmes   | 1918 | Chicago,  Illinois,  USA | 41.8755616 | -87.6244212 
 A  Coorial  on  the  Orinoco   | 1918 | Orinoco  River,  Venezuela | 7.6447291 | -64.8923779 
 A  Doll's  House   | 1918 | Maine,  USA | 45.709097 | -68.8590201 
 A  Romance  of  Burke  and  Wills  Expedition  of  1860   | 1918 | Australia | -24.7761086 | 134.755 
 A  Romance  of  Burke  and  Wills  Expedition  of  1860   | 1918 | Cooper's  Creek,  South  Australia,  Australia | -34.8123912 | 138.6068634 
 A  R�gis�ggy�jt�   | 1918 | Budapest,  Hungary | 47.48138955 | 19.14607278448202 
 A  Sun  Kissed  Isle   | 1918 | Grenada | 12.1360374 | -61.6904045 
 A  Zuni  Kicking  Race   | 1918 | Arizona,  USA | 34.395342 | -111.763275 
 A  napraforg�s  h�lgy   | 1918 | Dubrovnik,  Croatia | 42.6502473 | 18.0924947 
 A  napraforg�s  h�lgy   | 1918 | Mostar,  Bosnia-Herzegovina | 43.3424943 | 17.8075104 
 A  napraforg�s  h�lgy   | 1918 | Sarajevo,  Bosnia-Herzegovina | 43.8519774 | 18.3866868 
 A  napraforg�s  h�lgy   | 1918 | Split,  Split-Dalmatia  County,  Croatia | 43.5116383 | 16.4399659 
 'Dikke  Bertha'  op  doortocht  in  Brussel   | 1919 | Brussels,  Brussels-Capital,  Belgium | 50.8465573 | 4.351697 
 A  Barnyard  Romance   | 1919 | Long  Beach,  California,  USA | 33.7690164 | -118.191604 
 A  Day  and  Night  at  Coney  Island   | 1919 | Coney  Island,  Brooklyn,  New  York  City,  New  York,  USA | 40.57592745 | -73.99219592886062 
 A  Debtor  to  the  Law   | 1919 | Stroud,  Oklahoma,  USA | 35.7477749 | -96.6566742 
 A  Fallen  Idol   | 1919 | Miami,  Florida,  USA | 25.7741728 | -80.19362 
 A  Genuine  Panama   | 1919 | Panama  City,  Panama | 8.9714493 | -79.5341802 
 A  Haitian  Night's  Tale   | 1919 | Haiti | 19.1399952 | -72.3570972 
 A  Japanese  Study   | 1919 | Japan | 36.5748441 | 139.2394179 
 A  Lady's  Tailor   | 1919 | Santa  Monica  Beach,  Santa  Monica,  California,  USA | 34.0137654 | -118.4954584 
 A  Mexican  Mix-Up   | 1919 | San  Antonio,  Texas,  USA | 29.4246002 | -98.4951405 
 45  Minutes  from  Broadway   | 1920 | Del  Monte,  California,  USA | 36.6007933 | -121.8691196 
 A  111-es   | 1920 | Budapest,  Hungary | 47.48138955 | 19.14607278448202 
 A  Master  Stroke   | 1920 | Santa  Barbara,  California,  USA | 34.4221319 | -119.7026673 
 A  Philistine  in  Bohemia   | 1920 | Washington  Square,  Manhattan,  New  York  City,  New  York,  USA | 40.7303993 | -73.99701 
 A  Woman  in  Grey   | 1920 | Wilkes-Barre,  Pennsylvania,  USA | 41.2464824 | -75.8817316 
 A  tisztess�g  nev�ben   | 1920 | Szentendre,  Hungary | 47.6677606 | 19.0760467 
 A  tisztess�g  nev�ben   | 1920 | Budapest,  Margitsziget,  Hungary | 47.538047 | 19.0491235 
 Akcie  P.Z.H.   | 1920 | Prague,  Czech  Republic | 50.0874654 | 14.4212535 
 A  Knight  of  the  West   | 1921 | Niles,  California,  USA | 37.5781679 | -121.9809177 
 A  Lowland  Cinderella   | 1921 | Shoreham-by-Sea,  West  Sussex,  England,  UK | 50.8322307 | -0.2746717 
 A  Megfagyott  gyermek   | 1921 | Budapest,  Hungary | 47.48138955 | 19.14607278448202 
 A  Polynesian  Odyssey   | 1921 | Bali,  Indonesia | -8.3304977 | 115.0906401 
 A  Tale  of  the  Far  North   | 1921 | Baffin  Island,  Nunavut,  Canada | 73.25466605 | -78.56162686912117 
 A  Wise  Fool   | 1921 | Guerneville,  California,  USA | 38.5017085 | -122.9959133 
 Across  the  Grand  Canyon   | 1921 | Grand  Canyon  National  Park,  Arizona,  USA | 36.307854750000004 | -112.29289603702432 
 Action   | 1921 | Malibu  Lake,  California,  USA | 34.1077371 | -118.75450598677298 
 Alas  abiertas   | 1921 | Pachuca,  Hidalgo,  Mexico | 20.1165413 | -98.7413535 
 Alexandria   | 1921 | Alexandria,  Egypt | 31.199004 | 29.894378 
 All  Aboard  for  Brindisi   | 1921 | Brindisi,  Apulia,  Italy | 40.6362271 | 17.688500723698695 
 All  Aboard  for  Brindisi   | 1921 | Mediterranean  Sea | 31.1901299 | 33.4781591 
 'L'Oiseau  Bleu'.  Sneltrein  tussen  Antwerpen  en  Parijs   | 1922 | Antwerp,  Flanders,  Belgium | 51.2211097 | 4.3997081 
 'L'Oiseau  Bleu'.  Sneltrein  tussen  Antwerpen  en  Parijs   | 1922 | Paris,  France | 48.8566969 | 2.3514616 
 A  Question  of  Honor   | 1922 | Truckee,  California,  USA | 39.327962 | -120.1832533 
 A  Question  of  Honor   | 1922 | Feather  River,  California,  USA | 39.2133502 | -121.6138136 
 Across  the  Border   | 1922 | Truckee,  California,  USA | 39.327962 | -120.1832533 
 Adam  a  Eva   | 1922 | Prague,  Czech  Republic | 50.0874654 | 14.4212535 
 Alexandra   | 1922 | London,  England,  UK | 51.5073219 | -0.1276474 
 Alexandra   | 1922 | Poland | 52.215933 | 19.134422 
 Alma  rife�a   | 1922 | Melilla,  Spain | 35.292906 | -2.9507198551536247 
 Alma  rife�a   | 1922 | Rif,  Morocco | 34.8397986 | -4.5035276 
 A  Noise  in  Newboro   | 1923 | Visalia,  California,  USA | 36.3302284 | -119.2920585 
 A  Sereia  de  Pedra   | 1923 | Tomar,  Portugal | 39.6036596 | -8.4150492 
 Adam's  Rib   | 1923 | Chicago,  Illinois,  USA | 41.8755616 | -87.6244212 
 Alice's  Wonderland   | 1923 | Kansas  City,  Missouri,  USA | 39.100105 | -94.5781416 
 All  the  Brothers  Were  Valiant   | 1923 | San  Francisco,  California,  USA | 37.7790262 | -122.4199061 
 Alma  de  Dios   | 1923 | Asturias,  Spain | 43.271087800000004 | -5.854145744587305 
 Alma  de  Dios   | 1923 | Madrid,  Spain | 40.4167047 | -3.7035825 
 Always  Tell  Your  Wife   | 1923 | Islington  Studios,  Islington,  London,  England,  UK | 51.56645865 | -0.12231759899906833 
 25  Jahre  Zeppelin-Luftschiff-Fahrt  1900-1925   | 1924 | Worms,  Rhineland-Palatinate,  Germany | 49.6302618 | 8.3620898 
 25  Jahre  Zeppelin-Luftschiff-Fahrt  1900-1925   | 1924 | Leipzig,  Saxony,  Germany | 51.3406321 | 12.3747329 
 A  Sainted  Devil   | 1924 | Farmingdale,  Long  Island,  New  York,  USA | 40.7356738 | -73.4417524 
 A  Son  of  Satan   | 1924 | New  York  City,  New  York,  USA | 40.7127281 | -74.0060152 
 A  Son  of  Satan   | 1924 | Roanoke,  Virginia,  USA | 37.270973 | -79.9414313 
 A  Punjab  Village   | 1925 | Punjab,  Pakistan | 31.0 | 72.0 
 A  Son  of  His  Father   | 1925 | Agua  Caliente,  Arizona,  USA | 32.9853099 | -113.3242862 
 A  Trip  Along  the  River  Murray   | 1925 | Murray  River,  South  Australia,  Australia | -32.7969818 | 116.4585424 
 A  Trip  Along  the  River  Murray   | 1925 | Murray  River,  Victoria,  Australia | -36.1021877 | 146.9256672 
 A  traves  de  Sonora   | 1925 | Guaymas,  Sonora,  Mexico | 28.0738847 | -111.01852472776024 
 A  traves  de  Sonora   | 1925 | Hermosillo,  Sonora,  Mexico | 29.0948207 | -110.9692202 
 Abie's  Imported  Bride   | 1925 | Philadelphia,  Pennsylvania,  USA | 39.9527237 | -75.1635262 
 Abu  Mark�b  och  de  hundrade  elefanter   | 1925 | Sudan | 14.5844444 | 29.4917691 
 3  Bad  Men   | 1926 | Jackson  Hole,  Wyoming,  USA | 43.684017 | -110.44366292631179 
 3  Bad  Men   | 1926 | Mojave  Desert,  California,  USA | 35.1456319 | -115.54896378664561 
 A  Woman  of  the  Sea   | 1926 | Carmel-by-the-Sea,  California,  USA | 36.5552387 | -121.9232879 
 A  Woman  of  the  Sea   | 1926 | Monterey,  California,  USA | 36.2231079 | -121.3877428 
 A  buen  juez,  mejor  testigo   | 1926 | Toledo,  Castilla-La  Mancha,  Spain | 39.8560679 | -4.0239568 
 Aankomst  in  1926  van  Prinses  Astrid  met  Fylgia   | 1926 | Antwerp,  Flanders,  Belgium | 51.2211097 | 4.3997081 
 Ahead  of  the  Law   | 1926 | Texas,  USA | 31.8160381 | -99.5120986 
 Alaskan  Adventures   | 1926 | Alaska,  USA | 64.4459613 | -149.680909 
 Alaskan  Adventures   | 1926 | Yukon  River,  Alaska,  USA | 65.0698033 | -141.3493064 
 Alaskan  Adventures   | 1926 | Siberia,  Russia | 60.0 | 100.0 
 A  Trip  Through  the  Paramount  Studio   | 1927 | Los  Angeles,  California,  USA | 34.0536909 | -118.242766 
 Antwerpen,  de  groote  Belgische  haven  en  handelsstad   | 1927 | Antwerp,  Flanders,  Belgium | 51.2211097 | 4.3997081 
 Arizona  Bound   | 1927 | Bryce  Canyon  National  Park,  Utah,  USA | 37.5707948 | -112.18559391121381 
 As  Aventuras  do  Tenor  Rom�o   | 1927 | Lisbon,  Portugal | 38.7077507 | -9.1365919 
 Babinsk�   | 1927 | Bohemian  Forest,  Czech  Republic | 50.8851834 | 14.380519284787658 
 Babinsk�   | 1927 | Prague,  Czech  Republic | 50.0874654 | 14.4212535 
 Abwege   | 1928 | Markgrafentheater,  Erlangen,  Bavaria,  Germany | 49.599733650000005 | 11.005797447569318 
 Actualidades   | 1928 | Argentina | -34.9964963 | -64.9672817 
 Amateurfilms  over  Oostende   | 1928 | Ostend,  Flanders,  Belgium | 51.2258565 | 2.919496 
 Anybody  Here  Seen  Kelly?   | 1928 | Los  Angeles,  California,  USA | 34.0536909 | -118.242766 
 Anybody  Here  Seen  Kelly?   | 1928 | Manhattan,  New  York  City,  New  York,  USA | 40.7896239 | -73.9598939 
 Anybody  Here  Seen  Kelly?   | 1928 | New  York  City,  New  York,  USA | 40.7127281 | -74.0060152 
 Asa  e  viata   | 1928 | Romania | 45.9852129 | 24.6859225 
 A  Day  of  a  Man  of  Affairs   | 1929 | Camden,  New  Jersey,  USA | 39.9448402 | -75.1198911 
 A  Song  of  Kentucky   | 1929 | Churchill  Downs  -  700  Central  Avenue,  Louisville,  Kentucky,  USA | 38.202266550000004 | -85.77069167438131 
 A  Texas  Cowboy   | 1929 | Santa  Clarita,  California,  USA | 34.3916641 | -118.542586 
 Af�ra  v  grandhotelu   | 1929 | Prague,  Czech  Republic | 50.0874654 | 14.4212535 
 Agustina  de  Arag�n   | 1929 | Barcelona,  Catalonia,  Spain | 41.3828939 | 2.1774322 
 Agustina  de  Arag�n   | 1929 | Madrid,  Spain | 40.4167047 | -3.7035825 
 All  Faces  West   | 1929 | (Buffalo  Herd) | 39.7115078 | -105.2990056 
 All  Faces  West   | 1929 | Bingham  Canyon,  Utah,  USA | 40.532127849999995 | -112.13426659685783 
 All  Faces  West   | 1929 | Emigration  Canyon,  Utah,  USA | 40.770046 | -111.7592783 
 48  pesetas  de  taxi   | 1930 | Madrid,  Spain | 40.4167047 | -3.7035825 
 48  pesetas  de  taxi   | 1930 | Sierra  de  Guadarrama  mountain  range,  Madrid,  Spain | 40.6932477 | -4.0243805 
 A  Battery  of  Songs   | 1930 | New  York  City,  New  York,  USA | 40.7127281 | -74.0060152 
 A  Castel�  das  Berlengas   | 1930 | Berlengas  Archipelago,  Peniche,  Portugal | 39.41513085 | -9.509956717135083 
 A  Continental  Evening   | 1930 | Camden,  New  Jersey,  USA | 39.9448402 | -75.1198911 
 A  Night  in  a  Dormitory   | 1930 | New  York  City,  New  York,  USA | 40.7127281 | -74.0060152 
 Abschied   | 1930 | Studio  Babelsberg,  Potsdam,  Brandenburg,  Germany | 52.38260355 | 13.113726021425222 
 24  Stunden  aus  dem  Leben  einer  Frau   | 1931 | Monte  Carlo,  Monaco | 43.7402961 | 7.426559 
 77  rue  Chalgrin   | 1931 | England,  UK | 52.5310214 | -1.2649062 
 A  Bronx  Morning   | 1931 | Bronx,  New  York  City,  New  York,  USA | 40.8466508 | -73.8785937 
 A  Co-respondent's  Course   | 1931 | Australia | -24.7761086 | 134.755 
 A  Dama  Que  Ri   | 1931 | Joinville,  Haute-Marne,  France | 48.4433253 | 5.1377537 
 A  Free  Soul   | 1931 | Point  Lobos  State  Natural  Reserve,  California,  USA | 36.5181448 | -121.9442445 
 A  Free  Soul   | 1931 | Sequoia  National  Park,  California,  USA | 36.49584065 | -118.55991938438643 
 A  Free  Soul   | 1931 | Yosemite  National  Park,  California,  USA | 37.84054795 | -119.51658779802511 
 A  Honeymoon  Adventure   | 1931 | Euston  Station,  Euston  Road,  London  Borough  of  Camden,  London,  England,  UK | 51.5264495 | -0.132939 
 A  House  Divided   | 1931 | Laguna  Beach,  California,  USA | 33.5426975 | -117.785366 
 12de  groote  prijs  Brasschaet  1932   | 1932 | Brasschaat,  Antwerp,  Flanders,  Belgium | 51.2930933 | 4.489307 
 A  Man's  Land   | 1932 | Santa  Clarita,  California,  USA | 34.3916641 | -118.542586 
 A  Study  in  Reds   | 1932 | Wisconsin,  USA | 44.4308975 | -89.6884637 
 A  v�n  gazember   | 1932 | Lake  Balaton,  Hungary | 46.8836527 | 17.846663499449168 
 A  v�n  gazember   | 1932 | Budapest,  Margitsziget,  Hungary | 47.538047 | 19.0491235 
 Accelerating  Fill  Settlement  by  the  Use  of  Explosives   | 1932 | Minnesota,  USA | 45.9896587 | -94.6113288 
 ...und  es  leuchtet  die  Pu�ta   | 1933 | Hungary | 47.1817585 | 19.5060937 
 ...reitet  f�r  Deutschland   | 1941 | Merano,  Bolzano,  Trentino  -  Alto  Adige,  Italy | 46.6695547 | 11.1594185 
 ...tick...  tick...  tick...   | 1970 | Colusa,  California,  USA | 39.1465578 | -122.2209563 
 ...tick...  tick...  tick...   | 1970 | Marysville,  California,  USA | 39.1457247 | -121.5913516 
 ...und  abends  in  die  Scala   | 1958 | CCC-Atelier,  Berlin,  Germany | 52.4822454 | 13.4322845 
 ...und  die  Bibel  hat  doch  recht   | 1977 | Egypt | 26.2540493 | 29.2675469 
 ...und  die  Bibel  hat  doch  recht   | 1977 | England,  UK | 52.5310214 | -1.2649062 
 ...und  die  Bibel  hat  doch  recht   | 1977 | France | 46.603354 | 1.8883335 
 ...und  die  Bibel  hat  doch  recht   | 1977 | Germany | 51.0834196 | 10.4234469 
 ...und  die  Bibel  hat  doch  recht   | 1977 | Iraq | 33.0955793 | 44.1749775 
 ...und  die  Bibel  hat  doch  recht   | 1977 | Israel | 31.5313113 | 34.8667654 
 ...und  die  Bibel  hat  doch  recht   | 1977 | Italy | 42.6384261 | 12.674297 
 ...und  die  Bibel  hat  doch  recht   | 1977 | Jordan | 31.1667049 | 36.941628 
 ...und  die  Bibel  hat  doch  recht   | 1977 | Netherlands | 52.5001698 | 5.7480821 
 ...und  die  Bibel  hat  doch  recht   | 1977 | Syria | 34.6401861 | 39.0494106 
 ...und  die  Musik  spielt  dazu   | 1943 | Titanus  Studios,  Rome,  Lazio,  Italy | 41.93940235 | 12.618602234352963 
 ...und  f�hre  uns  nicht  in  Versuchung   | 1957 | Bolzano,  Trentino-Alto  Adige,  Italy | 46.65594215 | 11.229637264169462 
 ...und  f�hre  uns  nicht  in  Versuchung   | 1957 | CCC-Atelier,  Berlin,  Germany | 52.4822454 | 13.4322845 
 ...und  noch  frech  dazu!   | 1960 | Berlin,  Germany | 52.5170365 | 13.3888599 
 ...beschloss  ich  Politiker  zu  werden   | 1985 | Graz,  Styria,  Austria | 47.0708678 | 15.4382786 
 ...beschloss  ich  Politiker  zu  werden   | 1985 | Vienna,  Austria | 48.2083537 | 16.3725042 
 ...and  justice  for  all.   | 1979 | San  Francisco,  California,  USA | 37.7790262 | -122.4199061 
 ...and  justice  for  all.   | 1979 | Maryland,  USA | 39.5162234 | -76.9382069 
 ...and  justice  for  all.   | 1979 | Baltimore,  Maryland,  USA | 39.2908816 | -76.610759 
 A  Can��o  de  Lisboa   | 1933 | Lisbon,  Portugal | 38.7077507 | -9.1365919 
 A  Can��o  de  Lisboa   | 1933 | Sintra,  Portugal | 38.8355605 | -9.352225245746453 
 A  Day  in  Venice   | 1933 | Venice,  Veneto,  Italy | 45.4371908 | 12.3345898 
 A  Jungle  Gigolo   | 1933 | Sumatra,  Indonesia | -0.142924 | 101.62414321577288 
 'Neath  the  Arizona  Skies   | 1934 | Santa  Clarita,  California,  USA | 34.3916641 | -118.542586 
 'Neath  the  Arizona  Skies   | 1934 | Newhall,  California,  USA | 34.3798765 | -118.5291917 
 ...heute  abend  bei  mir   | 1934 | Vienna,  Austria | 48.2083537 | 16.3725042 
 14e  groote  prijs  van  Brasschaat   | 1934 | Brasschaat,  Antwerp,  Flanders,  Belgium | 51.2930933 | 4.489307 
 A  Southern  Maid   | 1934 | Cheddar  Gorge,  Cheddar,  Somerset,  England,  UK | 51.2825942 | -2.7656541 
 A  Ticket  in  Tatts   | 1934 | Flemington,  Victoria,  Australia | -37.787277 | 144.9232415538188 
 Abyssinia   | 1934 | Addis  Ababa,  Ethiopia | 9.0107934 | 38.7612525 
 Abyssinia   | 1934 | Ethiopia | 10.2116702 | 38.6521203 
 Adventure  Girl   | 1934 | Guatemala | 15.6356088 | -89.8988087 
 Alala   | 1934 | Galicia,  Spain | 42.61946 | -7.863112 
 ...nur  ein  Kom�diant   | 1935 | Heiligenkreuz,  Lower  Austria,  Austria | 48.052766649999995 | 16.133916225413227 
 A  Dream  Comes  True   | 1935 | Hollywood,  Los  Angeles,  California,  USA | 34.0980031 | -118.329523 
 A  Night  at  the  Opera   | 1935 | Los  Angeles,  California,  USA | 34.0536909 | -118.242766 
 A  Night  at  the  Opera   | 1935 | New  York  City,  New  York,  USA | 40.7127281 | -74.0060152 
 "London  Characters"   | 1936 | London,  England,  UK | 51.5073219 | -0.1276474 
 "Theatre  Parade"   | 1936 | Savoy  Theatre,  Strand,  London,  England,  UK | 51.5101881 | -0.12099911809472054 
 "Theatre  Royal"   | 1961 | Brisbane,  Queensland,  Australia | -27.4689682 | 153.0234991 
 "Theatre  of  the  Macabre"   | 1982 | (studio) | 52.2326368 | 21.0067376 
 "Then  Came  Bronson"   | 1969 | Stockton,  California,  USA | 37.9577016 | -121.2907796 
 "Then  Came  Bronson"   | 1969 | Phoenix,  Arizona,  USA | 33.4484367 | -112.0741417 
 "Variety"   | 1936 | BBC  Alexandra  Palace,  Muswell  Hill,  London,  England,  UK | 51.5944579 | -0.1290233 
 "Variet�-Expre�"   | 1956 | Cologne,  Germany | 50.938361 | 6.959974 
 "Variedades  de  media  noche"   | 1977 | Mexico | 22.5000485 | -100.0000375 
 "Variedades  de  medianoche"   | 1958 | Mexico  City,  Distrito  Federal,  Mexico | 19.2667215 | -99.1269583 
 "Variedades  de  medio  d�a"   | 1955 | Mexico | 22.5000485 | -100.0000375 
 1936  Pittsburgh  Flood   | 1936 | Pittsburgh,  Pennsylvania,  USA | 40.4416941 | -79.9900861 
 "Artists  and  Their  Work"   | 1937 | Alexandra  Palace,  Alexandra  Palace  Way,  Muswell  Hill,  London,  England,  UK | 51.5942224 | -0.13085713595899767 
 "Cabaret  Cruise"   | 1937 | BBC  Alexandra  Palace,  Muswell  Hill,  London,  England,  UK | 51.5944579 | -0.1290233 
 "Experiments  in  Science"   | 1937 | Alexandra  Palace,  Alexandra  Palace  Way,  Muswell  Hill,  London,  England,  UK | 51.5942224 | -0.13085713595899767 
 A  Revolu��o  de  Maio   | 1937 | Sintra,  Lisbon,  Portugal | 38.8355605 | -9.352225245746453 
 A  Revolu��o  de  Maio   | 1937 | Monserrate,  Sintra,  Lisbon,  Portugal | 38.7942252 | -9.420648433138451 
 A  Revolu��o  de  Maio   | 1937 | Matosinhos,  Portugal | 41.1806814 | -8.6821998 
 A  Revolu��o  de  Maio   | 1937 | Studio  Tobis  Portuguesa,  Lisbon,  Portugal | 38.7317238 | -9.1475719 
 "BBC  TV  Cricket"   | 1938 | Edgbaston,  Birmingham,  West  Midlands,  England,  UK | 52.4603261 | -1.9179098 
 "BBC  TV  Cricket"   | 1938 | Headingley,  Leeds,  West  Yorkshire,  England,  UK | 53.8210076 | -1.5777737 
 "BBC  TV  Cricket"   | 1938 | Lord's,  St.  John's  Wood,  London,  England,  UK | 51.5289728 | -0.1714024 
 13  St�hle   | 1938 | Vienna,  Austria | 48.2083537 | 16.3725042 
 A  Brivele  der  mamen   | 1938 | Lviv,  Ukraine | 49.841952 | 24.0315921 
 A  Can��o  da  Terra   | 1938 | Madeira,  Portugal | 32.751748750000004 | -16.981752048847362 
 "Percy  Ponsonby"   | 1939 | BBC  Alexandra  Palace,  Muswell  Hill,  London,  England,  UK | 51.5944579 | -0.1290233 
 "Percy  Stuart"   | 1969 | Germany | 51.0834196 | 10.4234469 
 "Percy  Stuart"   | 1969 | Spain | 39.3260685 | -4.8379791 
 $30   | 1999 | Los  Angeles,  California,  USA | 34.0536909 | -118.242766 
 $40,000   | 1996 | Berkeley,  California,  USA | 37.8708393 | -122.2728639 
 $40,000   | 1996 | Harbor  City,  Los  Angeles,  California,  USA | 33.7911012 | -118.3012604 
 $40,000   | 1996 | Indian  Wells,  California,  USA | 33.7217965 | -116.3383034 
 20,000  Men  a  Year   | 1939 | Monrovia,  California,  USA | 34.1483499 | -118.0014517 
 2000  Jahre  Deutscher  Kultur   | 1939 | Munich,  Bavaria,  Germany | 48.1371079 | 11.5753822 
 "NBC  News"   | 1940 | Ripon  College,  Fond  de  Lac,  Ripon,  Wisconsin,  USA | 43.84102355 | -88.85393861210508 
 "The  1940s  House"   | 2001 | West  Wickham,  Kent,  England,  UK | 51.3121602 | 0.173066 
 "The  2005  NBA  Finals"   | 2005 | Auburn  Hills,  Michigan,  USA | 42.6875323 | -83.2341028 
 "The  2005  NBA  Finals"   | 2005 | San  Antonio,  Texas,  USA | 29.4246002 | -98.4951405 
 "The  2006  NBA  Finals"   | 2006 | Dallas,  Texas,  USA | 32.7762719 | -96.7968559 
 "The  2006  NBA  Finals"   | 2006 | Miami  Beach,  Florida,  USA | 25.7929198 | -80.1353006 
 "The  2007  NBA  Finals"   | 2007 | AT&T  Center  -  One  AT&T  Center,  San  Antonio,  Texas,  USA | 29.4270504 | -98.43750706398404 
 'Tags':  A  Short  Film   | 1995 | Chelsea,  London,  England,  UK | 51.4875167 | -0.1687007 
 'Tags':  A  Short  Film   | 1995 | Hammersmith,  London,  England,  UK | 51.4920377 | -0.2236401 
 'Sheba,  Baby'   | 1975 | Chicago,  Illinois,  USA | 41.8755616 | -87.6244212 
 'Sheba,  Baby'   | 1975 | Jefferson  County,  Kentucky,  USA | 38.1787175 | -85.664528 
 20  Mule  Team   | 1940 | Death  Valley  National  Park,  California,  USA | 36.4914385 | -117.10229360771876 
 20  Mule  Team   | 1940 | Las  Vegas,  Nevada,  USA | 36.1672559 | -115.1485163 
 40,000  Horsemen   | 1940 | Cronulla,  Sydney,  New  South  Wales,  Australia | -34.0575259 | 151.1523851 
 "CBS  Television  Quiz"   | 1941 | New  York  City,  New  York,  USA | 40.7127281 | -74.0060152 
 "Men  at  Work"   | 1941 | New  York  City,  New  York,  USA | 40.7127281 | -74.0060152 
 1-2-3-Go!   | 1941 | Culver  City,  California,  USA | 34.0211224 | -118.396466 
 13dici  a  tavola   | 2004 | Castiglioncello,  Livorno,  Tuscany,  Italy | 43.4045253 | 10.4144021 
 13dici  a  tavola   | 2004 | Tuscany,  Italy | 43.4586541 | 11.1389204 
 49th  Parallel   | 1941 | Canada | 61.0666922 | -107.991707 
 1942:  A  Love  Story   | 1994 | Kasauli,  India | 30.85844455 | 76.99796611489867 
 A  Nation  Builds  Under  Fire   | 1967 | Vietnam | 13.2904027 | 108.4265113 
 A  Nation  Builds  Under  Fire   | 1967 | Washington,  District  of  Columbia,  USA | 38.8950368 | -77.0365427 
 A  Nation  Cried  Today   | 2010 | Rome,  Lazio,  Italy | 41.8933203 | 12.4829321 
 A  Nation  Dances   | 1942 | Moscow,  USSR | 55.7626272 | 37.6111323 
 A  Nation  Is  Born   | 1947 | Laguna,  Philippines | 14.1696476 | 121.3336526 
 A  Nation  Is  Born   | 1947 | Leyte,  Philippines | 10.95 | 124.85 
 A  Nation  Is  Born   | 1947 | Philippines | 12.7503486 | 122.7312101 
 A  Token  for  Your  Thoughts   | 2003 | Los  Angeles,  California,  USA | 34.0536909 | -118.242766 
 A  Token  of  the  Wreckage   | 2010 | San  Rafael,  California,  USA | 37.9735346 | -122.5310874 
 A  Tokyo  Fusebox   | 1999 | Japan | 36.5748441 | 139.2394179 
 A  Ton  of  Grass  Goes  to  Pot   | 1972 | Tucson,  Arizona,  USA | 32.2228765 | -110.9748477 
 A  Yank  at  Eton   | 1942 | Connecticut,  USA | 41.6500201 | -72.7342163 
 A  Yank  at  Eton   | 1942 | El  Segundo  High  School  -  640  Main  Street,  El  Segundo,  California,  USA | 33.9247393 | -118.41415256243585 
 A  Yank  at  Eton   | 1942 | Pasadena,  California,  USA | 34.1476452 | -118.1444779 
 "Fortunes  of  War"   | 1987 | Alexandria,  Egypt | 31.199004 | 29.894378 
 "Fortunes  of  War"   | 1987 | Athens,  Greece | 37.9839412 | 23.7283052 
 "Fortunes  of  War"   | 1987 | Cairo,  Egypt | 30.0443879 | 31.2357257 
 "Forty  Deuce"   | 2005 | Las  Vegas,  Nevada,  USA | 36.1672559 | -115.1485163 
 "Forty  Deuce"   | 2005 | Los  Angeles,  California,  USA | 34.0536909 | -118.242766 
 "Forty  Deuce"   | 2005 | Miami,  Florida,  USA | 25.7741728 | -80.19362 
 'Gung  Ho!':  The  Story  of  Carlson's  Makin  Island  Raiders   | 1943 | Oceanside,  California,  USA | 33.1958696 | -117.3794834 
 16  Reasons  Why  I  Hate  Myself   | 2000 | New  York  City,  New  York,  USA | 40.7127281 | -74.0060152 
 16  Summers   | 2009 | Pomona,  California,  USA | 34.0553813 | -117.7517496 
 16  Years  of  Alcohol   | 2003 | Edinburgh,  Scotland,  UK | 55.9533456 | -3.1883749 
 16  in  Webster  Groves   | 1966 | Webster  Groves,  Missouri,  USA | 38.592339 | -90.3564329 
 16  ottobre  1943   | 1960 | Rome,  Lazio,  Italy | 41.8933203 | 12.4829321 
 16  Blocks   | 2006 | New  York  City,  New  York,  USA | 40.7127281 | -74.0060152 
 16  Blocks   | 2006 | Toronto,  Ontario,  Canada | 43.6534817 | -79.3839347 
 16  Days  in  Afghanistan   | 2007 | Afghanistan | 33.7680065 | 66.2385139 
 16  Days  of  Glory   | 1986 | Los  Angeles,  California,  USA | 34.0536909 | -118.242766 
 16  Fathoms  Deep   | 1948 | Tarpon  Springs,  Florida,  USA | 28.148082950000003 | -82.74380159717906 
 1941   | 1979 | Hollywood  Sign,  Hollywood  Hills,  Los  Angeles,  California,  USA | 34.1340991 | -118.321652 
 1941   | 1979 | Los  Angeles  Theatre  -  615  S.  Broadway,  Downtown,  Los  Angeles,  California,  USA | 34.04656295 | -118.25281959595726 
 1941   | 1979 | Malibu,  California,  USA | 34.035591 | -118.689423 
 "Diamonds"   | 1981 | BBC  Elstree  Centre/ATV  Studios,  Borehamwood,  Hertfordshire,  England,  UK | 51.6589044 | -0.27566775500000334 
 "Missus  Goes  A-Shopping"   | 1944 | New  York  City,  New  York,  USA | 40.7127281 | -74.0060152 
 1944   | 2006 | Montana,  USA | 47.3752671 | -109.638757 
 A  Canterbury  Tale   | 1944 | Canterbury,  Kent,  England,  UK | 51.2800275 | 1.0802533 
 "1922"   | 1984 | South  Africa | -28.8166236 | 24.991639 
 "1945"   | 1983 | South  Africa | -28.8166236 | 24.991639 
 "Chopper  One"   | 1974 | Los  Angeles,  California,  USA | 34.0536909 | -118.242766 
 "Chor  Lauheung"   | 1979 | Hong  Kong,  China | 22.2793278 | 114.1628131 
 "Chor  hor  hon  gai"   | 1985 | Hong  Kong,  China | 22.2793278 | 114.1628131 
 "Choreotones"   | 1945 | New  York  City,  New  York,  USA | 40.7127281 | -74.0060152 
 'I  Know  Where  I'm  Going!'   | 1945 | Argyll  and  Bute,  Scotland,  UK | 56.4603494 | -5.8618419478791015 
 "Cash  Cab"   | 2008 | Vancouver,  British  Columbia,  Canada | 49.2608724 | -123.1139529 
 "Cash  Cab:  After  Dark"   | 2007 | Manhattan,  New  York  City,  New  York,  USA | 40.7896239 | -73.9598939 
 "Cash  Flow  from  Australia"   | 2010 | Sydney,  New  South  Wales,  Australia | -33.8548157 | 151.2164539 
 "Cash  House"   | 2005 | Old  Street,  Islington,  London,  England,  UK | 51.5256284 | -0.0876094 
 "Cash  in  Hand"   | 1994 | Winchester,  Hampshire,  England,  UK | 51.0612766 | -1.3131692 
 "Cash:  Viaggio  di  una  banconota"   | 2008 | Italy | 42.6384261 | 12.674297 
 "For  the  Children"   | 1946 | Theatre  Royal,  Stratford,  Newham,  London,  England,  UK | 51.54256325 | 0.0009630519450636236 
 "Geographically  Speaking"   | 1946 | NBC  Studios  -  30  Rockefeller  Plaza,  Manhattan,  New  York  City,  New  York,  USA | 40.7591424 | -73.9796681 
 "Americana"   | 1947 | New  York  City,  New  York,  USA | 40.7127281 | -74.0060152 
 "A.T.M.:  A  toda  M."   | 2005 | Miami,  Florida,  USA | 25.7741728 | -80.19362 
 "A.U.S.A."   | 2003 | Los  Angeles,  California,  USA | 34.0536909 | -118.242766 
 "AB'nin  yollari  tastan"   | 2006 | Istanbul,  Turkey | 41.0096334 | 28.9651646 
 "AB...  Sexo"   | 2005 | Lisbon,  Portugal | 38.7077507 | -9.1365919 
 "ABBA:  Dancing  Queen"   | 2012 | Sweden | 59.6749712 | 14.5208584 
 "ABBA:  Dancing  Queen"   | 2012 | Australia | -24.7761086 | 134.755 
 "ABC  7  Chicago"   | 1948 | Chicago,  Illinois,  USA | 41.8755616 | -87.6244212 
 "ABC  7  San  Francisco"   | 1949 | San  Francisco,  California,  USA | 37.7790262 | -122.4199061 
 "Actor's  Studio"   | 1948 | New  York  City,  New  York,  USA | 40.7127281 | -74.0060152 
 "Adventures  in  Music"   | 1948 | Hollywood,  Los  Angeles,  California,  USA | 34.0980031 | -118.329523 
 "Amanda"   | 1948 | New  York  City,  New  York,  USA | 40.7127281 | -74.0060152 
 "Apartment  4A"   | 1948 | Pasadena,  California,  USA | 34.1476452 | -118.1444779 
 "Apache  Goes  Indian"   | 1995 | India | 22.3511148 | 78.6677428 
 "Apanhados  da  Bola"   | 2002 | Lisbon,  Portugal | 38.7077507 | -9.1365919 
 "Apanhados"   | 1995 | Portugal | 40.0332629 | -7.8896263 
 "Apartment  3-C"   | 1949 | New  York  City,  New  York,  USA | 40.7127281 | -74.0060152 
 "Aplauso"   | 1971 | Mexico | 22.5000485 | -100.0000375 
 "Aplauso,  aplauso"   | 2004 | Mexico | 22.5000485 | -100.0000375 
 "Aplausos"   | 2005 | Mexico | 22.5000485 | -100.0000375 
 "20  Questions"   | 1949 | New  York  City,  New  York,  USA | 40.7127281 | -74.0060152 
 "20  Second  Movie  Reviews"   | 2008 | Munster,  Indiana,  USA | 41.5644798 | -87.5125412 
 "2  straten  verder"   | 1999 | Diest,  Belgium | 50.98456645 | 5.052873496255041 
 "ABC  Television  Players"   | 1949 | Chicago,  Illinois,  USA | 41.8755616 | -87.6244212 
 "Cada  noche"   | 1974 | Mexico  City,  Distrito  Federal,  Mexico | 19.2667215 | -99.1269583 
 "Campus  to  Campus"   | 1949 | Los  Angeles,  California,  USA | 34.0536909 | -118.242766 
 "Capitaly"   | 2002 | Budapest,  Hungary | 47.48138955 | 19.14607278448202 
 "Capitanul  Val-V�rtej"   | 1971 | Romania | 45.9852129 | 24.6859225 
 "Acri  Creature  Feature"   | 1969 | Milan,  Illinois,  USA | 41.453089 | -90.5720803 
 "Acrobat  Ranch"   | 1950 | Chicago,  Illinois,  USA | 41.8755616 | -87.6244212 
 "Acropolis  Now"   | 1989 | Fitzroy,  Melbourne,  Victoria,  Australia | -37.8126834 | 144.98050420901842 
 "American  Forum  of  the  Air"   | 1950 | Washington,  District  of  Columbia,  USA | 38.8950368 | -77.0365427 
 "Answer  Yes  or  No"   | 1950 | New  York  City,  New  York,  USA | 40.7127281 | -74.0060152 
 "Around  the  Horn"   | 2002 | Washington,  District  of  Columbia,  USA | 38.8950368 | -77.0365427 
 "Around  the  Town"   | 1950 | New  York  City,  New  York,  USA | 40.7127281 | -74.0060152 
 "Art  Ford  on  Broadway"   | 1950 | New  York  City,  New  York,  USA | 40.7127281 | -74.0060152 
 "Art  Jam"   | 2005 | Metro  Manila,  Philippines | 14.5736108 | 121.0329706 
 "Adventures  of  Wild  Bill  Hickok"   | 1951 | Lone  Pine,  California,  USA | 36.583175999999995 | -118.07835929489717 
 "Adventures  of  a  Jungle  Boy"   | 1957 | Kenya | 1.4419683 | 38.4313975 
 "All  American  Ultra  Quiz"   | 1981 | Rome,  Lazio,  Italy | 41.8933203 | 12.4829321 
 "All  American  Ultra  Quiz"   | 1981 | Washington,  District  of  Columbia,  USA | 38.8950368 | -77.0365427 
 "All  Around  the  Town"   | 1951 | New  York  City,  New  York,  USA | 40.7127281 | -74.0060152 
 "Boston  Common"   | 1996 | Boston,  Massachusetts,  USA | 42.3602534 | -71.0582912 
 "Bride  and  Groom"   | 1951 | New  York  City,  New  York,  USA | 40.7127281 | -74.0060152 
 "Bride  of  War"   | 1998 | Poland | 52.215933 | 19.134422 
 "Celanese  Theatre"   | 1951 | New  York  City,  New  York,  USA | 40.7127281 | -74.0060152 
 "Adventures  of  the  Seaspray"   | 1965 | New  Guinea | -5.522593049999999 | 142.08709052245882 
 "Adventures  of  the  Seaspray"   | 1965 | Sydney,  New  South  Wales,  Australia | -33.8548157 | 151.2164539 
 "Adventures  of  the  Seaspray"   | 1965 | Wellington,  New  Zealand | -41.2887953 | 174.7772114 
 "Advocates  I"   | 1991 | Edinburgh,  Scotland,  UK | 55.9533456 | -3.1883749 
 "Advokat"   | 2004 | Russia | 64.6863136 | 97.7453061 
 "Africa"   | 2001 | Lesotho | -29.6039267 | 28.3350193 
 "Africa"   | 2001 | Mali | 16.3700359 | -2.2900239 
 "Against  the  Wind"   | 1978 | New  South  Wales,  Australia | -31.8759835 | 147.2869493 
 "Agate"   | 1988 | Tehran,  Iran | 35.6892523 | 51.3896004 
 "Agate"   | 1988 | Arak,  Iran | 34.0865203 | 49.6888415 
 "Ahududu"   | 1974 | Istanbul,  Turkey | 41.0096334 | 28.9651646 
 "Ai  Life"   | 1989 | Lisbon,  Portugal | 38.7077507 | -9.1365919 
 "Akademi  T�rkiye"   | 2003 | Istanbul,  Turkey | 41.0096334 | 28.9651646 
 "Akai  giwaku"   | 1975 | Tokyo,  Japan | 35.6828387 | 139.7594549 
 "Akhri  Chattan"   | 1985 | Pakistan | 30.3308401 | 71.247499 
 "Aktuelle  Runde"   | 1953 | West-Berlin,  Germany | 52.567073199999996 | 13.336618915936896 
 "Al  Hajjaj"   | 2003 | Jordan | 31.1667049 | 36.941628 
 "Al  Hajjaj"   | 2003 | Lebanon | 33.8750629 | 35.843409 
 "Asian  Invasion"   | 2006 | Hong  Kong,  China | 22.2793278 | 114.1628131 
 "Asian  Invasion"   | 2006 | Japan | 36.5748441 | 139.2394179 
 "Asian  Invasion"   | 2006 | Korea | 36.638392 | 127.6961188 
 "Atom  Squad"   | 1953 | Philadelphia,  Pennsylvania,  USA | 39.9527237 | -75.1635262 
 "Bank  on  the  Stars"   | 1953 | New  York  City,  New  York,  USA | 40.7127281 | -74.0060152 
 "Cine  verdad"   | 1953 | Mexico | 22.5000485 | -100.0000375 
 "City  Confidential"   | 1998 | Darlington,  Wisconsin,  USA | 42.6829066 | -90.117812 
 "City  Confidential"   | 1998 | Las  Vegas,  Nevada,  USA | 36.1672559 | -115.1485163 
 "A  Time  to  Live"   | 1954 | Chicago,  Illinois,  USA | 41.8755616 | -87.6244212 
 "All  About  Baby"   | 1954 | Chicago,  Illinois,  USA | 41.8755616 | -87.6244212 
 "Art  et  magie  de  la  cuisine"   | 1954 | Paris,  France | 48.8566969 | 2.3514616 
 "Alfred  Hitchcock  Presents"   | 1985 | Toronto,  Ontario,  Canada | 43.6534817 | -79.3839347 
 "Around  the  World  with  Orson  Welles"   | 1955 | Madrid,  Spain | 40.4167047 | -3.7035825 
 "Brava  Gente"   | 2000 | Rio  de  Janeiro,  Rio  de  Janeiro,  Brazil | -22.9110137 | -43.2093727 
 "Brat  Camp"   | 2005 | Oregon,  USA | 43.9792797 | -120.737257 
 "Buffalo  Bill,  Jr."   | 1955 | Lone  Pine,  California,  USA | 36.583175999999995 | -118.07835929489717 
 "ABC  News"   | 1956 | ABC  Centre,  Hobart,  Tasmania,  Australia | -42.8777369 | 147.33241126559417 
 "Adventure  Theater"   | 1956 | Riverside  Studios,  Hammersmith,  London,  England,  UK | 51.48860355 | -0.22746502822660472 
 "Adventure  in  Dairyland"   | 1956 | Verona,  Wisconsin,  USA | 42.9905492 | -89.5335575 
 "Alan  Melville  Takes  You  from  A-Z"   | 1956 | BBC  Studio,  London,  England,  UK | 52.949768 | -1.1398745498768668 
 "Armchair  Theatre"   | 1956 | ABC,  Ardwick,  Manchester,  Greater  Manchester,  England,  UK | 53.4676745 | -2.2160104 
 "26  Men"   | 1957 | Placerita  Canyon,  California,  USA | 34.38268065 | -118.52288689663675 
 "26  Men"   | 1957 | Phoenix,  Arizona,  USA | 33.4484367 | -112.0741417 
 "77  Sunset  Strip"   | 1958 | Los  Angeles,  California,  USA | 34.0536909 | -118.242766 
 "200.000  voor  Antwerpen"   | 1959 | Antwerp,  Flanders,  Belgium | 51.2211097 | 4.3997081 
 "53.  Internationale  Tennismeisterschaften  von  Deutschland"   | 1959 | Rothenbaum  Hamburg,  Hamburg,  Germany | 53.5686202 | 9.989184925773195 
 "Across  the  Board"   | 1959 | New  York  City,  New  York,  USA | 40.7127281 | -74.0060152 
 "1960  Presidential  Debates"   | 1960 | Los  Angeles,  California,  USA | 34.0536909 | -118.242766 
 "1960  Presidential  Debates"   | 1960 | New  York  City,  New  York,  USA | 40.7127281 | -74.0060152 
 "2  Live  Stews"   | 2005 | Atlanta,  Georgia,  USA | 33.7489924 | -84.3902644 
 "'Wag  kukurap"   | 2004 | Philippines | 12.7503486 | 122.7312101 
 "'Way  Out"   | 1961 | New  York  City,  New  York,  USA | 40.7127281 | -74.0060152 
 �toile  de  mer   | 1961 | Singapore | 1.357107 | 103.8194992 
 "86-60-86"   | 1994 | Lisbon,  Portugal | 38.7077507 | -9.1365919 
 "ABC's  Wide  World  of  Sports"   | 1961 | Ireland | 52.865196 | -7.9794599 
 "ABC's  Wide  World  of  Sports"   | 1961 | Pendleton,  Oregon,  USA | 45.672075 | -118.7885967 
 "Accent  on  an  American  Summer"   | 1962 | Reno,  Nevada,  USA | 39.5261206 | -119.8126581 
 "Accent  on  an  American  Summer"   | 1962 | Yellowstone  National  Park,  Wyoming,  USA | 44.6200885 | -110.56075745943113 
 "Ac�stico"   | 2003 | Mexico | 22.5000485 | -100.0000375 
 "Adak"   | 2006 | Istanbul,  Turkey | 41.0096334 | 28.9651646 
 "Adi�s,  amor  m�o"   | 1962 | Mexico | 22.5000485 | -100.0000375 
 "Ameer  al  shuaraa"   | 2007 | Saudi  Arabia | 25.6242618 | 42.3528328 
 "Ameer  al  shuaraa"   | 2007 | Syria | 34.6401861 | 39.0494106 
 "Ameer  al  shuaraa"   | 2007 | Egypt | 26.2540493 | 29.2675469 
 "Ameer  al  shuaraa"   | 2007 | Jordan | 31.1667049 | 36.941628 
 "Animal  Magic"   | 1962 | Bristol  Zoo,  Bristol,  England,  UK | 51.46342645 | -2.62233702174012 
 "Animal  Magnetism"   | 2003 | USA | 39.7837304 | -100.4458825 
 "Animal  Miracles"   | 2001 | Canada | 61.0666922 | -107.991707 
 "ABC  News  Reports"   | 1963 | Cyprus | 34.9823018 | 33.1451285 
 "Agonia  de  amor"   | 1963 | Mexico | 22.5000485 | -100.0000375 
 "12  O'Clock  High"   | 1964 | Chino,  California,  USA | 34.0133561 | -117.690075 
 "A  Floresta  M�gica"   | 2003 | Lisbon,  Portugal | 38.7077507 | -9.1365919 
 "A  Floresta  Portuguesa"   | 1983 | Portugal | 40.0332629 | -7.8896263 
 "A  Man  Dies"   | 1964 | Royal  Albert  Hall,  South  Kensington,  London,  England,  UK | 51.501004449999996 | -0.17739457896545874 
 "A  TV  Atrav�s  dos  Tempos"   | 1964 | Lisbon,  Portugal | 38.7077507 | -9.1365919 
 "ABC  Scope"   | 1964 | Cambodia | 13.5066394 | 104.869423 
 "11pm"   | 1965 | Osaka,  Japan | 34.6198813 | 135.490357 
 "11pm"   | 1965 | Tokyo,  Japan | 35.6828387 | 139.7594549 
 "1965  World  Series"   | 1965 | Metropolitan  Stadium,  Minneapolis,  Minnesota,  USA | 44.9463953 | -93.2656211 
 "A  Fine  Romance"   | 1989 | Malta | 35.8885993 | 14.4476911 
 "A  Tale  of  Two  Rivers"   | 1966 | River  Thames,  London,  England,  UK | 51.4497821 | -0.3063299 
 "A  Tale  of  Two  Rivers"   | 1966 | Neuilly,  Seine,  France | 48.8558787 | 2.5319597 
 "ABC  Stage  67"   | 1966 | London,  England,  UK | 51.5073219 | -0.1276474 
 "Adrian,  der  Tulpendieb"   | 1966 | Munich,  Bavaria,  Germany | 48.1371079 | 11.5753822 
 "Adrian,  der  Tulpendieb"   | 1966 | Netherlands | 52.5001698 | 5.7480821 
 "Adoption"   | 2002 | Texas,  USA | 31.8160381 | -99.5120986 
 "Adriana"   | 1967 | Mexico | 22.5000485 | -100.0000375 
 "Amor  serrano"   | 1999 | Lima,  Peru | -12.0621065 | -77.0365256 
 "Bd8"   | 1967 | The  Midlands,  England,  UK | 50.5988926 | -4.1006857 
 "60  Minutes"   | 1968 | West  57th  Street,  Manhattan,  New  York  City,  New  York,  USA | 40.7703823 | -73.9915525 
 "60  Minutes"   | 1968 | Palm  Beach,  Florida,  USA | 26.6279798 | -80.4494174 
 "Across  the  Great  Divide"   | 1970 | Bathurst  Inlet,  Nunavut,  Canada | 66.8396008 | -108.0323631 
 "All  My  Children"   | 1970 | Budapest,  Hungary | 47.48138955 | 19.14607278448202 
 "All  My  Children"   | 1970 | New  York  City,  New  York,  USA | 40.7127281 | -74.0060152 
 "All  My  Children"   | 1970 | Paris,  France | 48.8566969 | 2.3514616 
 "All  in  the  Game"   | 1993 | Barcelona,  Catalonia,  Spain | 41.3828939 | 2.1774322 
 "All  in  the  Game"   | 1993 | Oxford,  Oxfordshire,  England,  UK | 51.7520131 | -1.2578499 
 "America"   | 1971 | Bahamas | 24.7736546 | -78.0000547 
 "America"   | 1971 | Cheyenne,  Wyoming,  USA | 41.139981 | -104.820246 
 "ABC  Afterschool  Specials"   | 1972 | Brooklyn,  New  York  City,  New  York,  USA | 40.6501038 | -73.9495823 
 "Almost  Home"   | 1972 | Niagara  Falls,  Ontario,  Canada | 43.1065603 | -79.0639039 
 "An  American  Family"   | 1973 | New  York  City,  New  York,  USA | 40.7127281 | -74.0060152 
 "An  American  Family"   | 1973 | Paris,  France | 48.8566969 | 2.3514616 
 "Arman  reilaa"   | 2004 | Barcelona,  Catalonia,  Spain | 41.3828939 | 2.1774322 
 "Arman  reilaa"   | 2004 | Florence,  Tuscany,  Italy | 43.7698712 | 11.2555757 
 "Arman  reilaa"   | 2004 | Lisbon,  Portugal | 38.7077507 | -9.1365919 
 "Arman  reilaa"   | 2004 | Madrid,  Spain | 40.4167047 | -3.7035825 
 "Arman  reilaa"   | 2004 | Milan,  Lombardia,  Italy | 45.4668 | 9.1905 
 "Armchair  Cinema"   | 1973 | Leicester  Square,  Soho,  London,  England,  UK | 51.510566 | -0.1376134 
 "Armchair  Cinema"   | 1973 | Paris,  France | 48.8566969 | 2.3514616 
 "BBC2  Playhouse"   | 1973 | Buckinghamshire,  England,  UK | 51.840894 | -0.8998073587480795 
 "Baekjoui  hosu"   | 2003 | South  Korea | 36.638392 | 127.6961188 
 "Barnaby  Jones"   | 1973 | Los  Angeles,  California,  USA | 34.0536909 | -118.242766 
 "Beacon  Hill"   | 1975 | New  York  City,  New  York,  USA | 40.7127281 | -74.0060152 
 "Beat  of  the  City"   | 1975 | Melbourne,  Victoria,  Australia | -37.8142176 | 144.9631608 
 "Berlin  -  0:00  bis  24:00"   | 1975 | Berlin,  Germany | 52.5170365 | 13.3888599 
 "Bert  D'Angelo/Superstar"   | 1976 | San  Francisco,  California,  USA | 37.7790262 | -122.4199061 
 "Bluey"   | 1976 | Melbourne,  Victoria,  Australia | -37.8142176 | 144.9631608 
 "Brensham  People"   | 1976 | Tewkesbury,  Gloucestershire,  England,  UK | 51.9937857 | -2.1549574 
 "Brown  Paper  Bag"   | 1978 | Winnipeg,  Manitoba,  Canada | 49.8955367 | -97.1384584 
 "Butterflies"   | 1978 | Cheltenham,  Gloucestershire,  England,  UK | 51.8995685 | -2.0711559 
 "CBS  Afternoon  Playhouse"   | 1978 | Los  Angeles,  California,  USA | 34.0536909 | -118.242766 
 "Cadernos  de  Cinema"   | 1978 | Rio  de  Janeiro,  Rio  de  Janeiro,  Brazil | -22.9110137 | -43.2093727 
 "240-Robert"   | 1979 | California,  USA | 36.7014631 | -118.755997 
 "A  Industria  Regionalizada"   | 1980 | Portugal | 40.0332629 | -7.8896263 
 "A  Portrait  of  Robert  Runcie"   | 1980 | England,  UK | 52.5310214 | -1.2649062 
 "A  Rumor  of  War"   | 1980 | Villahermosa,  Tabasco,  Mexico | 18.0018152 | -92.9330401483751 
 "A  Tale  of  Two  Cities"   | 1980 | Jersey,  Channel  Islands | 49.235196099999996 | -2.1674999973684193 
 "ABC  News  Nightline"   | 1980 | USA | 39.7837304 | -100.4458825 
 "All  American  Ultra  Quiz"   | 1981 | Athens,  Greece | 37.9839412 | 23.7283052 
 "American  Dream"   | 1981 | Chicago,  Illinois,  USA | 41.8755616 | -87.6244212 
 "Anakena"   | 1982 | Easter  Island,  Chile | -27.1259451 | -109.34963353785872 
 "Anchan"   | 1982 | Tokyo,  Japan | 35.6828387 | 139.7594549 
 "Aprendamos  juntos"   | 1982 | Mexico | 22.5000485 | -100.0000375 
 "At  the  Movies"   | 1982 | Chicago,  Illinois,  USA | 41.8755616 | -87.6244212 
 "Auf  Wiedersehen,  Pet"   | 1983 | Arizona,  USA | 34.395342 | -111.763275 
 "Auf  Wiedersehen,  Pet"   | 1983 | Dominican  Republic | 19.0974031 | -70.3028026 
 "Auf  Wiedersehen,  Pet"   | 1983 | Derbyshire,  England,  UK | 53.1185033 | -1.5566179305872214 
 "Auf  Wiedersehen,  Pet"   | 1983 | Nijmegen,  Gelderland,  Netherlands | 51.842574850000005 | 5.838960628748229 
 "Auf  Wiedersehen,  Pet"   | 1983 | Thailand | 14.8971921 | 100.83273 
 "BBC  Newsline"   | 1996 | Belfast,  County  Antrim,  Northern  Ireland,  UK | 54.5964411 | -5.9302761 
 "Berenar  a  Sant  Cugat"   | 1984 | Sant  Cugat,  Barcelona,  Catalonia,  Spain | 41.467969 | 2.0782386 
 "Bentley"   | 2006 | Johannesburg,  South  Africa | -26.205 | 28.049722 
 "Bik  hyu  sai  ngan  cheung"   | 1984 | Hong  Kong,  China | 22.2793278 | 114.1628131 
 "Biggi"   | 1998 | Munich,  Bavaria,  Germany | 48.1371079 | 11.5753822 
 "Blood  Red  Roses"   | 1986 | East  Kilbride,  South  Lanarkshire,  Scotland,  UK | 55.760176 | -4.179078 
 "Body  Mind  Connection"   | 1987 | New  York  City,  New  York,  USA | 40.7127281 | -74.0060152 
 "Born  Famous"   | 1987 | Los  Angeles,  California,  USA | 34.0536909 | -118.242766 
 "Buck  James"   | 1987 | Houston,  Texas,  USA | 29.7589382 | -95.3676974 
 "Buenas  noches"   | 1999 | Mexico | 22.5000485 | -100.0000375 
 "Burke's  Backyard"   | 1987 | Sydney,  New  South  Wales,  Australia | -33.8548157 | 151.2164539 
 "Byline"   | 1988 | The  Crown  Hotel,  Harrogate,  North  Yorkshire,  England,  UK | 54.096164 | -1.3957729242302714 
 "Byte  Me  TV"   | 2007 | London,  England,  UK | 51.5073219 | -0.1276474 
 "Byte  Me"   | 2005 | Perth,  Western  Australia,  Australia | -31.9527121 | 115.8604796 
 "Camara  infraganti"   | 1988 | Mexico | 22.5000485 | -100.0000375 
 "Carte  Blanche"   | 1988 | Cape  Town,  Western  Cape,  South  Africa | -33.928992 | 18.417396 
 "Chiara  e  gli  altri"   | 1989 | Rome,  Lazio,  Italy | 41.8933203 | 12.4829321 
 "Chillers"   | 1990 | Paris,  France | 48.8566969 | 2.3514616 
 "Chillers"   | 1990 | Nucourt,  France | 49.1584379 | 1.8535991 
 "Cluedo"   | 1990 | England,  UK | 52.5310214 | -1.2649062 
 "Col'n  Carpenter"   | 1990 | Melbourne,  Victoria,  Australia | -37.8142176 | 144.9631608 
 "Colpo  grosso"   | 1990 | Milan,  Lombardia,  Italy | 45.4668 | 9.1905 
 "Combat  Des  Clips"   | 1991 | 299  Queen  Street  West,  Toronto,  Ontario,  Canada | 43.64976 | -79.3907848 
 "Con  los  Ojos  Abiertos"   | 1991 | Santo  Domingo,  Dominican  Republic | 18.4801972 | -69.942111 
 "Conic  Sections  in  Math"   | 1995 | Waterbury,  Connecticut,  USA | 41.5538091 | -73.0438362 
 "Cosechar�s  tu  siembra"   | 1991 | Argentina | -34.9964963 | -64.9672817 
 "Cousin  William"   | 1992 | London,  England,  UK | 51.5073219 | -0.1276474 
 "Cousin  William"   | 1992 | Strasbourg,  Bas-Rhin,  France | 48.584614 | 7.7507127 
 "Covington  Cross"   | 1992 | Allington  Castle,  Maidstone,  Kent,  England,  UK | 51.2934276 | 0.5116180836867834 
 "Cow  TV"   | 1999 | Dunedin,  Otago,  New  Zealand | -45.8740984 | 170.5035755 
 "Crime  Story"   | 1992 | Edinburgh  University,  Edinburgh,  Scotland,  UK | 55.85566115 | -3.1994285632454 
 "Crossroads"   | 1992 | Utah,  USA | 39.4225192 | -111.714358 
 "Cr�nicas  del  mal"   | 1992 | Madrid,  Madrid,  Spain | 40.4167047 | -3.7035825 
 "Dai  si  doi"   | 1992 | Hong  Kong,  China | 22.2793278 | 114.1628131 
 "Danceline"   | 1993 | Knoxville,  Tennessee,  USA | 35.9603948 | -83.9210261 
 "Day  One"   | 1993 | New  York  City,  New  York,  USA | 40.7127281 | -74.0060152 
 "De  Buen  Humor"   | 1993 | Santo  Domingo,  Dominican  Republic | 18.4801972 | -69.942111 
 "De  Bauers"   | 2003 | Fijnaart,  Noord-Brabant,  Netherlands | 51.6364243 | 4.4616555 
 "De  Daltons"   | 1999 | Nieuwkoop,  Zuid-Holland,  Netherlands | 52.1405891 | 4.786696497900001 
 "Dennis  Miller  Live"   | 1994 | CBS  Television  City  -  7800  Beverly  Blvd.,  Fairfax,  Los  Angeles,  California,  USA | 34.0746936 | -118.35963130080704 
 "'Sang  linggo  nAPO  sila"   | 1995 | Philippines | 12.7503486 | 122.7312101 
 "413  Hope  St."   | 1997 | Los  Angeles,  California,  USA | 34.0536909 | -118.242766 
 "413  Hope  St."   | 1997 | New  York  City,  New  York,  USA | 40.7127281 | -74.0060152 
 "A  Day  in  the  Country"   | 1997 | Hockley  Valley,  Ontario,  Canada | 43.9077853 | -79.8245916 
 "A  Grande  Aposta"   | 1997 | Cascais,  Lisbon,  Portugal | 38.72240025 | -9.396909171649877 
 "A  Grande  Aposta"   | 1997 | Macau,  China | 22.1757605 | 113.5514142 
 "A  History  of  Britain"   | 2000 | Abbaye-aux-Dames,  Caen,  Calvados,  France | 49.18654545 | -0.3526498293128191 
 "A  History  of  Britain"   | 2000 | Arbroath,  Angus,  Scotland,  UK | 56.5586729 | -2.5815669 
 "A  History  of  Britain"   | 2000 | Delhi,  India | 28.6517178 | 77.2219388 
 "A  History  of  Britain"   | 2000 | Drogheda,  County  Louth,  Ireland | 53.7149877 | -6.3524183 
 "A  J�ia  de  �frica"   | 2002 | Maputo,  Mozambique | -25.966213 | 32.56745 
 "A  Place  in  France"   | 2002 | Laurac,  Aude,  France | 43.2279101 | 1.9751799 
 "A  Place  in  Greece"   | 2004 | Crete,  Greece | 35.3084749 | 24.463320724202934 
 "A  Place  in  Slovakia"   | 2005 | Slovakia | 48.7411522 | 19.4528646 
 "A  corte  directo"   | 2006 | Culiacan,  Sinaloa,  Mexico | 24.7978965 | -107.393395 
 "A.D.  La  guerre  de  l'ombre"   | 2008 | Pontoise,  Val-d'Oise,  France | 49.0508845 | 2.1008067 
 "A.D."   | 1985 | Tunisia | 33.8439408 | 9.400138 
 "ABC  Evening  News"   | 1953 | USA | 39.7837304 | -100.4458825 
 "5+1"   | 1992 | Kyiv,  Ukraine | 50.4500336 | 30.5241361 
 "Intelekt-shou  LG  Evryka!"   | 2001 | Kyiv,  Ukraine | 50.4500336 | 30.5241361 
 "Karaoke  na  Maidane"   | 1997 | Maidan  Nezalezhnosti,  Kyiv,  Ukraine | 50.4482856 | 30.524515 
 "Labirinty  sud'by"   | 2014 | Kyiv,  Ukraine | 50.4500336 | 30.5241361 
 "2012  UEFA  European  Football  Championship"   | 2012 | Arena  Lviv,  Lviv,  Ukraine | 49.8055205 | 23.973569165549602 
 "D'Artanyan  i  tri  mushketyora"   | 1979 | Lviv,  Ukraine | 49.841952 | 24.0315921 
 "Optimus  Gang"   | 2013 | Lviv,  Ukraine | 49.841952 | 24.0315921 
 Take  Me  to  the  Go  Go   | 2020 | Washington,  District  of  Columbia,  USA | 38.8950368 | -77.0365427 
 "Australia:  Beyond  2020"   | 2016 | Sydney,  New  South  Wales,  Australia | -33.8548157 | 151.2164539 
 "Australia:  Beyond  2020"   | 2016 | Brisbane,  Australia | -27.4689682 | 153.0234991 
 "Australia:  Beyond  2020"   | 2016 | Tokyo,  Japan | 35.6828387 | 139.7594549 
 "2020  Summer  Olympics"   | 2020 | Tokyo,  Japan | 35.6828387 | 139.7594549 
 "2020  Summer  Paralympics"   | 2020 | Tokyo,  Japan | 35.6828387 | 139.7594549 
 TimeWarpers   | 2020 | Denmark | 55.670249 | 10.3333283 
 TimeWarpers   | 2020 | Sweden | 59.6749712 | 14.5208584 
 TimeWarpers   | 2020 | Mexico | 22.5000485 | -100.0000375 
 Vermont  Street   | 2020 | Rossmoor,  California,  USA | 33.7855722 | -118.0850642 
 Vermont  Street   | 2020 | Hilo,  Hawaii,  USA | 19.7073734 | -155.0815803 
 Why  Me?   | 2020 | London,  England,  UK | 51.5073219 | -0.1276474 
 Wild  Thing   | 2020 | Syria | 34.6401861 | 39.0494106 
 Wild  Thing   | 2020 | London,  England,  UK | 51.5073219 | -0.1276474 
 Wild  Thing   | 2020 | Tokyo,  Japan | 35.6828387 | 139.7594549 
 Zapp  Movie:  Computer  Love   | 2020 | Indio,  California,  USA | 33.743764999999996 | -116.22331524966393 
 Zione   | 2020 | Glendale,  California,  USA | 34.1469416 | -118.2478471 
 "Slaget  om  Narvik"   | 2020 | Narvik,  Nordland,  Norway | 68.28988385 | 17.086538711321808 
 "The  Fault  Line"   | 2020 | Winton,  Queensland,  Australia | -22.5081125 | 142.35218868888887 
 "The  Fault  Line"   | 2020 | Auckland,  NZ | -36.852095 | 174.7631803 
 "The  Nordic  Odyssey"   | 2020 | Paris,  France | 48.8566969 | 2.3514616 
 1692   | 2020 | Orlando,  Florida,  USA | 28.5421109 | -81.3790304 
 1692   | 2020 | Salem,  Massachusetts,  USA | 42.5195292 | -70.8967226 
 A  Girl  and  a  Gun   | 2020 | Los  Angeles,  California,  USA | 34.0536909 | -118.242766 
 A  Still,  Small  Voice   | 2020 | Los  Angeles,  California,  USA | 34.0536909 | -118.242766 
 Astronomy  Walkers   | 2020 | Easter  Island,  Chile | -27.1259451 | -109.34963353785872 
 "American  Zen"   | 2019 | Atlanta,  Georgia,  USA | 33.7489924 | -84.3902644 
 "Bayou  City"   | 2019 | Houston,  Texas,  USA | 29.7589382 | -95.3676974 
 "BoS:  Brotherhood  Of  Silver"   | 2019 | Philadelphia,  Pennsylvania,  USA | 39.9527237 | -75.1635262 
 "BoS:  Knights"   | 2019 | New  Jersey,  USA | 40.0757384 | -74.4041622 
 "Carnival  Row"   | 2019 | Prague,  Czech  Republic | 50.0874654 | 14.4212535 
 "Dream  Pools"   | 2019 | Panama  City  Beach,  Florida,  USA | 30.1765914 | -85.805386 
 "Simulating  Religion"   | 2019 | Lesbos,  Greece | 39.17584185 | 25.998913450232415 
 "Simulating  Religion"   | 2019 | Belfast,  Northern  Ireland | 54.5964411 | -5.9302761 
 "The  Virtues"   | 2019 | Belfast,  Northern  Ireland | 54.5964411 | -5.9302761 
 "The  Virtues"   | 2019 | Liverpool,  UK | 53.407154 | -2.991665 
 "Three  Knee  Deep"   | 2019 | Romania | 45.9852129 | 24.6859225 
 "19.43"   | 2016 | "19.43"  (2016)            Amiens,  Somme,  France | 49.8954954 | 2.2313676 
 "1/4  Mermaid"   | 2015 | "1/4  Mermaid"  (2015)          Los  Angeles,  California,  USA | 33.8623599 | -118.4016623 
 "+27:  Social  Innovators  of  South  Africa"   | 2014 | Cape  Town,  South  Africa | -33.928992 | 18.417396 
 "/Drive  on  NBCSN"   | 2014 | Woking,  Surrey,  England,  UK | 51.3201891 | -0.5564726 
 "/Drive  on  NBCSN"   | 2014 | Abu  Dhabi,  United  Arab  Emirates | 24.4538352 | 54.3774014 
 "10  Films,  1  Box"   | 2014 | Los  Angeles,  California,  USA | 34.0536909 | -118.242766 
 "100  Mile  Meals"   | 2014 | Santa  Cruz,  California,  USA | 37.050096 | -121.9905908 
 "1864"   | 2014 | Czech  Republic | 49.8167003 | 15.4749544 
 "2  Awkward  Dudes"   | 2014 | New  York  City,  New  York,  USA | 40.7127281 | -74.0060152 
 "2  Redheads"   | 2014 | Chicago,  Illinois,  USA | 41.8755616 | -87.6244212 
 "2  Shot  the  Show"   | 2012 | New  York  City,  New  York,  USA | 40.7127281 | -74.0060152 
 "2  Wheel  Tuesday"   | 2003 | Charlotte,  North  Carolina,  USA | 35.2272086 | -80.8430827 
 "24  Hour  Rental"   | 2014 | Hamilton,  Ontario,  Canada | 43.2560802 | -79.8728583 
 "24:  Live  Another  Day"   | 2014 | London,  England,  UK | 51.5073219 | -0.1276474 
 "24:  Live  Another  Day"   | 2014 | Hampshire,  England,  UK | 51.04483545 | -1.2434093603442158 
 "3  Plus  You"   | 2010 | Chattanooga,  Tennessee,  USA | 35.0457219 | -85.3094883 
 "3  Rooms"   | 2014 | Baku,  Azerbaijan | 40.3754434 | 49.8326748 
 "30  Minutes  of  Madness"   | 2014 | Michigan,  USA | 43.6211955 | -84.6824346 
 "#DayOff"   | 2013 | New  York  City,  New  York,  USA | 40.7127281 | -74.0060152 
 "#DearGeorgette"   | 2015 | New  York  City,  New  York,  USA | 40.7127281 | -74.0060152 
 "#Elmira"   | 2014 | Elmira,  New  York,  USA | 42.0897965 | -76.8077338 
 "#Fuga"   | 2016 | Barra  da  Tijuca,  Rio  de  Janeiro,  Rio  de  Janeiro,  Brazil | -22.9997404 | -43.3659929 
 "#Hashtag  Travel  UK"   | 2017 | England,  UK | 52.5310214 | -1.2649062 
 "#Hashtag  Travel"   | 2017 | Hudson  Valley,  New  York,  USA | 41.31611085 | -74.12629189225156 
 "#Hashtag  Travel"   | 2017 | Cold  Spring,  New  York,  USA | 41.4200938 | -73.9545831 
 "#Hashtag  Travel"   | 2017 | Beacon,  New  York,  USA | 41.504879 | -73.9696822 
 "#Hashtag  Travel"   | 2017 | Fishkill,  New  York,  USA | 41.5355745 | -73.898702 
 "#Hashtag  Travel"   | 2017 | Wappingers  Falls,  New  York,  USA | 41.5965635 | -73.9112103 
 "#Hashtag  Travel"   | 2017 | Poughkeepsie,  New  York,  USA | 41.7065539 | -73.9283672 
 "#Hashtag:  The  Series"   | 2013 | Chicago,  Illinois,  USA | 41.8755616 | -87.6244212 
 "#LawstinWoods"   | 2013 | Erin,  New  York,  USA | 42.1859079 | -76.6699493 
 "#OscarTheOuch"   | 2013 | Hollywood,  California,  USA | 34.0980031 | -118.329523 
 "$5,000  Video"   | 2013 | Los  Angeles,  California,  USA | 34.0536909 | -118.242766 
 "1  Gay  5  Queens"   | 2013 | West  Hollywood,  California,  USA | 34.0923014 | -118.3692894 
 "10  sposobov"   | 2013 | Kyiv,  Ukraine | 50.4500336 | 30.5241361 
 "100  Days  of  Summer"   | 2013 | Chicago,  Illinois,  USA | 41.8755616 | -87.6244212 
 "101  Ways  to  Get  Rejected"   | 2013 | Palos  Verdes  High  School,  California,  USA | 33.7795033 | -118.4195798873998 
 "16  Kids  and  Counting"   | 2013 | Morecambe,  Lancashire,  England,  UK | 54.0721085 | -2.8650938 
 "1863"   | 2013 | Fairmont,  West  Virginia,  USA | 39.4850848 | -80.1425781 
 "1916  Seachtar  Dearmadta"   | 2013 | Kilmainham  Jail,  Dublin,  County  Dublin,  Ireland | 53.34174585 | -6.309578660652412 
 "1984"   | 2013 | Canberra,  Australian  Capital  Territory,  Australia | -35.2975906 | 149.1012676 
 "2  Guys  and  a  Couch"   | 2013 | Los  Angeles,  California,  USA | 34.0536909 | -118.242766 
 "2  Hollywood"   | 2011 | Brussels,  Brussels-Capital,  Belgium | 50.8465573 | 4.351697 
 "2  Hollywood"   | 2011 | Hollywood,  Los  Angeles,  California,  USA | 34.0980031 | -118.329523 
 "2  Hopeful  Spinsters"   | 2013 | Los  Angeles,  California,  USA | 34.0536909 | -118.242766 
 "#LdnOnt"   | 2012 | London,  Ontario,  Canada | 42.9836747 | -81.2496068 
 "10  Things  I  Hate"   | 2012 | Washington,  USA | 38.8950368 | -77.0365427 
 "100  Bullets  D'Argento"   | 2012 | Rome,  Lazio,  Italy | 41.8933203 | 12.4829321 
 "1001  Things  You  Should  Know"   | 2012 | Glasgow,  Scotland,  UK | 55.8609825 | -4.2488787 
 "13  Steps  Down"   | 2012 | Notting  Hill,  London,  England,  UK | 51.5109995 | -0.2055267 
 "13  Steps  Down"   | 2012 | Ireland | 52.865196 | -7.9794599 
 "21  Days  of  Seaton"   | 2012 | Lexington,  Kentucky,  USA | 38.0464066 | -84.4970393 
 "25  and  Married"   | 2012 | Houston,  Texas,  USA | 29.7589382 | -95.3676974 
 "2613"   | 2012 | Mumbai,  Maharashtra,  India | 19.0759899 | 72.8773928 
 "3  Audrey"   | 2012 | London,  Ontario,  Canada | 42.9836747 | -81.2496068 
 "3  Cousins"   | 2012 | Roma,  Lazio,  Italy | 41.8933203 | 12.4829321 
 "3  Strikes"   | 2012 | Los  Angeles,  California,  USA | 34.0536909 | -118.242766 
 "30  Dates  to  a  Soul  Mate"   | 2012 | Los  Angeles,  California,  USA | 34.0536909 | -118.242766 
 "30"   | 2012 | Los  Angeles,  California,  USA | 34.0536909 | -118.242766 
 "4  Points"   | 2012 | Burbank,  California,  USA | 34.1816482 | -118.3258554 
 "42  Seconds  of  Happiness"   | 2012 | New  York  City,  New  York,  USA | 40.7127281 | -74.0060152 
 "'  Horse  Trials  '"   | 2011 | England,  UK | 52.5310214 | -1.2649062 
 "100  Calabazas"   | 2011 | Madrid,  Spain | 40.4167047 | -3.7035825 
 "111  Emergency"   | 2011 | Auckland,  New  Zealand | -36.852095 | 174.7631803 
 "1920.  Wojna  i  milosc"   | 2011 | Warsaw,  Mazowieckie,  Poland | 52.2319581 | 21.0067249 
 "1LIVE  Talk  mit  Frau  Heinrich"   | 2011 | Cologne,  North  Rhine-Westphalia,  Germany | 50.938361 | 6.959974 
 "2  Broke  Girls"   | 2011 | Los  Angeles,  California,  USA | 34.0536909 | -118.242766 
 "20  Years  of  Independence"   | 2011 | Skopje,  Macedonia | 41.9960924 | 21.4316495 
 "220  Volts"   | 2011 | Rio  de  Janeiro,  Rio  de  Janeiro,  Brazil | -22.9110137 | -43.2093727 
 "3  Guys  in  a  Booth"   | 2011 | Chicago,  Illinois,  USA | 41.8755616 | -87.6244212 
 "30  Days  of  Dice  Living"   | 2011 | Toronto,  Ontario,  Canada | 43.6534817 | -79.3839347 
 "30  Seconds  from  Oblivion"   | 2010 | Landers,  California,  USA | 34.266114 | -116.3930703 
 "37"   | 2010 | Portugal | 40.0332629 | -7.8896263 
 "4-Stjerners  Reise"   | 2010 | Toscana,  Italy | 43.4586541 | 11.1389204 
 "4-Stjerners  Reise"   | 2010 | Amsterdam,  Netherlands | 52.3727598 | 4.8936041 
 "40  y  tantos"   | 2010 | Santiago,  Chile | -33.4377756 | -70.6504502 
 "45  Min"   | 2010 | Berlin,  Germany | 52.5170365 | 13.3888599 
 "4Play:  Sex  Tips  for  Girls"   | 2010 | Johannesburg,  South  Africa | -26.205 | 28.049722 
 "4thought.tv"   | 2010 | London,  England,  UK | 51.5073219 | -0.1276474 
 "5  Star  Specials"   | 2010 | Tanay,  Rizal,  Philippines | 14.4985359 | 121.2856331 
 "86  &  Lex"   | 2018 | New  York  City,  New  York,  USA | 40.7127281 | -74.0060152 
 "86'd"   | 2010 | Studio  City,  Los  Angeles,  California,  USA | 34.1483989 | -118.3961877 
 "A  Breath  of  Fresh  Air  with  Jon  and  Nkechi"   | 2010 | Los  Angeles,  California,  USA | 34.0536909 | -118.242766 
 "A  Good  Knight's  Quest"   | 2010 | Victorville,  California,  USA | 34.5361067 | -117.2911565 
 "A  Gurls  Wurld"   | 2010 | Prinzenbar,  Hamburg,  Germany | 53.548828 | 9.9647629 
 "$5  Cover"   | 2009 | Memphis,  Tennessee,  USA | 35.1490215 | -90.0516285 
 "$5  Cover:  Seattle"   | 2009 | Seattle,  Washington,  USA | 47.6038321 | -122.3300624 
 "'80s  Videos:  A  to  Z"   | 2009 | Santa  Monica,  California,  USA | 34.0194704 | -118.4912273 
 "1  Kadin  1  Erkek"   | 2008 | Istanbul,  Turkey | 41.0096334 | 28.9651646 
 "1-2-3  Istanbul!"   | 2009 | Burgas,  Bulgaria | 42.446600000000004 | 27.20620689265119 
 "1-2-3  Istanbul!"   | 2009 | Istanbul,  Turkey | 41.0096334 | 28.9651646 
 "1-2-3  Istanbul!"   | 2009 | Ljubljana,  Slovenia | 46.0499803 | 14.5068602 
 "1-2-3  Moskau!"   | 2008 | Berlin,  Germany | 52.5170365 | 13.3888599 
 "1-2-3  Moskau!"   | 2008 | Moscow,  Russia | 55.7504461 | 37.6174943 
 "10  Minute  Tales"   | 2009 | Hackney,  London,  England,  UK | 51.5432402 | -0.0493621 
 "10"   | 2009 | Kuala  Lumpur,  Malaysia | 3.1516964 | 101.6942371 
 "100  mexicanos  dijeron"   | 2001 | Mexico | 22.5000485 | -100.0000375 
 "100  mexicanos  dijieron"   | 2009 | Mexico  City,  Distrito  Federal,  Mexico | 19.2667215 | -99.1269583 
 "1066"   | 2009 | Yorkshire,  England,  UK | 53.9825271 | -1.3852499932684972 
 "1810"   | 2009 | Pirque,  Chile | -33.6348808 | -70.5729961 
 "2+Leif"   | 2009 | Kulturbrauerei,  Prenzlauer  Berg,  Berlin,  Germany | 52.539321349999994 | 13.413965534751178 
 "219  West"   | 2009 | New  York,  USA | 40.7127281 | -74.0060152 
 "30  for  30"   | 2009 | Serbia | 44.1534121 | 20.55144 
 "30  for  30"   | 2009 | Zagreb,  Croatia | 45.8131847 | 15.9771774 
